"MethodName","Patch","Compiled","AllTestsPassed","TotalExecutionTime(ms)","Fitness","FitnessImprovement"
"faulty_programs.POWERSET.faulty_programs.POWERSET.powerset(ArrayList)","|","true","false","5.544599","1.0000000004656613","0.0"
"faulty_programs.POWERSET.faulty_programs.POWERSET.powerset(ArrayList)","| gin.edit.statement.SwapStatement quixbugs/faulty_programs/POWERSET.java:19 <-> quixbugs/faulty_programs/POWERSET.java:102 |","false","false","0.0","0.0","-1.0000000004656613"
"faulty_programs.POWERSET.faulty_programs.POWERSET.powerset(ArrayList)","| gin.edit.modifynode.SwapExpression quixbugs/faulty_programs/POWERSET.java:36 <-> quixbugs/faulty_programs/POWERSET.java:27 |","false","false","0.0","0.0","-1.0000000004656613"
"faulty_programs.POWERSET.faulty_programs.POWERSET.powerset(ArrayList)","| gin.edit.modifynode.ReplaceExpression quixbugs/faulty_programs/POWERSET.java:49 -> quixbugs/faulty_programs/POWERSET.java:118 |","true","false","2.305509","1.0000000004656613","0.0"
"faulty_programs.POWERSET.faulty_programs.POWERSET.powerset(ArrayList)","| gin.edit.statement.SwapStatement quixbugs/faulty_programs/POWERSET.java:51 <-> quixbugs/faulty_programs/POWERSET.java:94 |","false","false","0.0","0.0","-1.0000000004656613"
"faulty_programs.POWERSET.faulty_programs.POWERSET.powerset(ArrayList)","| gin.edit.statement.SwapStatement quixbugs/faulty_programs/POWERSET.java:43 <-> quixbugs/faulty_programs/POWERSET.java:18 |","true","false","0.0","4.6566128730773926E-10","-1.0"
"faulty_programs.POWERSET.faulty_programs.POWERSET.powerset(ArrayList)","|","true","false","2.870953","1.0000000004656613","0.0"
"faulty_programs.POWERSET.faulty_programs.POWERSET.powerset(ArrayList)","| gin.edit.modifynode.SwapExpression quixbugs/faulty_programs/POWERSET.java:44 <-> quixbugs/faulty_programs/POWERSET.java:64 |","false","false","0.0","0.0","-1.0000000004656613"
"faulty_programs.POWERSET.faulty_programs.POWERSET.powerset(ArrayList)","|","true","false","3.444919","1.0000000004656613","0.0"
"faulty_programs.POWERSET.faulty_programs.POWERSET.powerset(ArrayList)","| gin.edit.statement.DeleteStatement quixbugs/faulty_programs/POWERSET.java:102 |","true","false","0.0","4.6566128730773926E-10","-1.0"
"faulty_programs.POWERSET.faulty_programs.POWERSET.powerset(ArrayList)","| gin.edit.statement.DeleteStatement quixbugs/faulty_programs/POWERSET.java:121 |","false","false","0.0","0.0","-1.0000000004656613"
"faulty_programs.POWERSET.faulty_programs.POWERSET.powerset(ArrayList)","|","true","false","2.96542","1.0000000004656613","0.0"
"faulty_programs.POWERSET.faulty_programs.POWERSET.powerset(ArrayList)","| gin.edit.statement.CopyStatement quixbugs/faulty_programs/POWERSET.java:25 -> quixbugs/faulty_programs/POWERSET.java:18:19 |","false","false","0.0","0.0","-1.0000000004656613"
"faulty_programs.POWERSET.faulty_programs.POWERSET.powerset(ArrayList)","| gin.edit.modifynode.ReplaceExpression quixbugs/faulty_programs/POWERSET.java:71 -> quixbugs/faulty_programs/POWERSET.java:95 |","true","false","0.0","4.6566128730773926E-10","-1.0"
"faulty_programs.POWERSET.faulty_programs.POWERSET.powerset(ArrayList)","| gin.edit.statement.SwapStatement quixbugs/faulty_programs/POWERSET.java:63 <-> quixbugs/faulty_programs/POWERSET.java:121 |","false","false","0.0","0.0","-1.0000000004656613"
"faulty_programs.POWERSET.faulty_programs.POWERSET.powerset(ArrayList)","| gin.edit.statement.CopyStatement quixbugs/faulty_programs/POWERSET.java:102 -> quixbugs/faulty_programs/POWERSET.java:120:132 |","false","false","0.0","0.0","-1.0000000004656613"
"faulty_programs.POWERSET.faulty_programs.POWERSET.powerset(ArrayList)","| gin.edit.statement.CopyStatement quixbugs/faulty_programs/POWERSET.java:117 -> quixbugs/faulty_programs/POWERSET.java:25:37 |","false","false","0.0","0.0","-1.0000000004656613"
"faulty_programs.POWERSET.faulty_programs.POWERSET.powerset(ArrayList)","| gin.edit.modifynode.SwapExpression quixbugs/faulty_programs/POWERSET.java:76 <-> quixbugs/faulty_programs/POWERSET.java:104 |","false","false","0.0","0.0","-1.0000000004656613"
"faulty_programs.POWERSET.faulty_programs.POWERSET.powerset(ArrayList)","| gin.edit.modifynode.ReplaceExpression quixbugs/faulty_programs/POWERSET.java:112 -> quixbugs/faulty_programs/POWERSET.java:32 |","false","false","0.0","0.0","-1.0000000004656613"
"faulty_programs.POWERSET.faulty_programs.POWERSET.powerset(ArrayList)","| gin.edit.modifynode.ReplaceExpression quixbugs/faulty_programs/POWERSET.java:44 -> quixbugs/faulty_programs/POWERSET.java:32 |","false","false","0.0","0.0","-1.0000000004656613"
"faulty_programs.POWERSET.faulty_programs.POWERSET.powerset(ArrayList)","| gin.edit.modifynode.SwapExpression quixbugs/faulty_programs/POWERSET.java:104 <-> quixbugs/faulty_programs/POWERSET.java:71 |","false","false","0.0","0.0","-1.0000000004656613"
"faulty_programs.POWERSET.faulty_programs.POWERSET.powerset(ArrayList)","| gin.edit.statement.DeleteStatement quixbugs/faulty_programs/POWERSET.java:94 |","true","false","2.256551","1.0000000004656613","0.0"
"faulty_programs.POWERSET.faulty_programs.POWERSET.powerset(ArrayList)","| gin.edit.statement.ReplaceStatement quixbugs/faulty_programs/POWERSET.java:121 -> quixbugs/faulty_programs/POWERSET.java:94 | gin.edit.modifynode.ReplaceExpression quixbugs/faulty_programs/POWERSET.java:115 -> quixbugs/faulty_programs/POWERSET.java:71 |","false","false","0.0","0.0","-1.0000000004656613"
"faulty_programs.POWERSET.faulty_programs.POWERSET.powerset(ArrayList)","| gin.edit.modifynode.SwapExpression quixbugs/faulty_programs/POWERSET.java:32 <-> quixbugs/faulty_programs/POWERSET.java:100 |","false","false","0.0","0.0","-1.0000000004656613"
"faulty_programs.POWERSET.faulty_programs.POWERSET.powerset(ArrayList)","| gin.edit.statement.ReplaceStatement quixbugs/faulty_programs/POWERSET.java:121 -> quixbugs/faulty_programs/POWERSET.java:94 | gin.edit.statement.SwapStatement quixbugs/faulty_programs/POWERSET.java:19 <-> quixbugs/faulty_programs/POWERSET.java:102 |","true","false","2.372193","1.0000000004656613","0.0"
"faulty_programs.POWERSET.faulty_programs.POWERSET.powerset(ArrayList)","| gin.edit.modifynode.SwapExpression quixbugs/faulty_programs/POWERSET.java:83 <-> quixbugs/faulty_programs/POWERSET.java:20 |","false","false","0.0","0.0","-1.0000000004656613"
"faulty_programs.POWERSET.faulty_programs.POWERSET.powerset(ArrayList)","| gin.edit.statement.SwapStatement quixbugs/faulty_programs/POWERSET.java:87 <-> quixbugs/faulty_programs/POWERSET.java:120 |","false","false","0.0","0.0","-1.0000000004656613"
"faulty_programs.POWERSET.faulty_programs.POWERSET.powerset(ArrayList)","| gin.edit.modifynode.UnaryOperatorReplacement  quixbugs/faulty_programs/POWERSET.java:20 LOGICAL_COMPLEMENT -> BITWISE_COMPLEMENT |","false","false","0.0","0.0","-1.0000000004656613"
"faulty_programs.POWERSET.faulty_programs.POWERSET.powerset(ArrayList)","| gin.edit.modifynode.ReplaceExpression quixbugs/faulty_programs/POWERSET.java:44 -> quixbugs/faulty_programs/POWERSET.java:115 |","false","false","0.0","0.0","-1.0000000004656613"
"faulty_programs.POWERSET.faulty_programs.POWERSET.powerset(ArrayList)","| gin.edit.modifynode.SwapExpression quixbugs/faulty_programs/POWERSET.java:76 <-> quixbugs/faulty_programs/POWERSET.java:38 |","false","false","0.0","0.0","-1.0000000004656613"
"faulty_programs.POWERSET.faulty_programs.POWERSET.powerset(ArrayList)","| gin.edit.modifynode.UnaryOperatorReplacement  quixbugs/faulty_programs/POWERSET.java:20 LOGICAL_COMPLEMENT -> MINUS |","false","false","0.0","0.0","-1.0000000004656613"
"faulty_programs.POWERSET.faulty_programs.POWERSET.powerset(ArrayList)","| gin.edit.statement.SwapStatement quixbugs/faulty_programs/POWERSET.java:87 <-> quixbugs/faulty_programs/POWERSET.java:102 |","false","false","0.0","0.0","-1.0000000004656613"
"faulty_programs.POWERSET.faulty_programs.POWERSET.powerset(ArrayList)","| gin.edit.statement.ReplaceStatement quixbugs/faulty_programs/POWERSET.java:87 -> quixbugs/faulty_programs/POWERSET.java:117 |","false","false","0.0","0.0","-1.0000000004656613"
"faulty_programs.POWERSET.faulty_programs.POWERSET.powerset(ArrayList)","|","true","false","3.761556","1.0000000004656613","0.0"
"faulty_programs.POWERSET.faulty_programs.POWERSET.powerset(ArrayList)","| gin.edit.statement.DeleteStatement quixbugs/faulty_programs/POWERSET.java:110 |","true","false","3.917934","1.0000000004656613","0.0"
"faulty_programs.POWERSET.faulty_programs.POWERSET.powerset(ArrayList)","|","true","false","5.311914","1.0000000004656613","0.0"
"faulty_programs.POWERSET.faulty_programs.POWERSET.powerset(ArrayList)","| gin.edit.statement.DeleteStatement quixbugs/faulty_programs/POWERSET.java:102 |","true","false","0.0","4.6566128730773926E-10","-1.0"
"faulty_programs.POWERSET.faulty_programs.POWERSET.powerset(ArrayList)","| gin.edit.statement.DeleteStatement quixbugs/faulty_programs/POWERSET.java:102 |","true","false","0.0","4.6566128730773926E-10","-1.0"
"faulty_programs.POWERSET.faulty_programs.POWERSET.powerset(ArrayList)","| gin.edit.modifynode.SwapExpression quixbugs/faulty_programs/POWERSET.java:115 <-> quixbugs/faulty_programs/POWERSET.java:122 |","false","false","0.0","0.0","-1.0000000004656613"
"faulty_programs.POWERSET.faulty_programs.POWERSET.powerset(ArrayList)","| gin.edit.statement.ReplaceStatement quixbugs/faulty_programs/POWERSET.java:43 -> quixbugs/faulty_programs/POWERSET.java:102 |","false","false","0.0","0.0","-1.0000000004656613"
"faulty_programs.POWERSET.faulty_programs.POWERSET.powerset(ArrayList)","| gin.edit.modifynode.ReplaceExpression quixbugs/faulty_programs/POWERSET.java:115 -> quixbugs/faulty_programs/POWERSET.java:86 |","false","false","0.0","0.0","-1.0000000004656613"
"faulty_programs.POWERSET.faulty_programs.POWERSET.powerset(ArrayList)","| gin.edit.statement.DeleteStatement quixbugs/faulty_programs/POWERSET.java:87 |","true","false","3.899998","1.0000000004656613","0.0"
"faulty_programs.POWERSET.faulty_programs.POWERSET.powerset(ArrayList)","|","true","false","4.694862","1.0000000004656613","0.0"
"faulty_programs.POWERSET.faulty_programs.POWERSET.powerset(ArrayList)","| gin.edit.modifynode.ReplaceExpression quixbugs/faulty_programs/POWERSET.java:134 -> quixbugs/faulty_programs/POWERSET.java:118 |","false","false","0.0","0.0","-1.0000000004656613"
"faulty_programs.POWERSET.faulty_programs.POWERSET.powerset(ArrayList)","| gin.edit.modifynode.ReplaceExpression quixbugs/faulty_programs/POWERSET.java:133 -> quixbugs/faulty_programs/POWERSET.java:42 |","false","false","0.0","0.0","-1.0000000004656613"
"faulty_programs.POWERSET.faulty_programs.POWERSET.powerset(ArrayList)","| gin.edit.modifynode.SwapExpression quixbugs/faulty_programs/POWERSET.java:38 <-> quixbugs/faulty_programs/POWERSET.java:61 |","false","false","0.0","0.0","-1.0000000004656613"
"faulty_programs.POWERSET.faulty_programs.POWERSET.powerset(ArrayList)","| gin.edit.statement.DeleteStatement quixbugs/faulty_programs/POWERSET.java:120 |","false","false","0.0","0.0","-1.0000000004656613"
"faulty_programs.POWERSET.faulty_programs.POWERSET.powerset(ArrayList)","|","true","false","4.180627","1.0000000004656613","0.0"
"faulty_programs.POWERSET.faulty_programs.POWERSET.powerset(ArrayList)","| gin.edit.modifynode.SwapExpression quixbugs/faulty_programs/POWERSET.java:112 <-> quixbugs/faulty_programs/POWERSET.java:76 |","false","false","0.0","0.0","-1.0000000004656613"
"faulty_programs.POWERSET.faulty_programs.POWERSET.powerset(ArrayList)","| gin.edit.statement.SwapStatement quixbugs/faulty_programs/POWERSET.java:63 <-> quixbugs/faulty_programs/POWERSET.java:43 |","false","false","0.0","0.0","-1.0000000004656613"
"faulty_programs.POWERSET.faulty_programs.POWERSET.powerset(ArrayList)","| gin.edit.modifynode.UnaryOperatorReplacement  quixbugs/faulty_programs/POWERSET.java:20 LOGICAL_COMPLEMENT -> BITWISE_COMPLEMENT |","false","false","0.0","0.0","-1.0000000004656613"
"faulty_programs.POWERSET.faulty_programs.POWERSET.powerset(ArrayList)","| gin.edit.statement.ReplaceStatement quixbugs/faulty_programs/POWERSET.java:37 -> quixbugs/faulty_programs/POWERSET.java:18 |","true","false","0.0","4.6566128730773926E-10","-1.0"
"faulty_programs.POWERSET.faulty_programs.POWERSET.powerset(ArrayList)","| gin.edit.modifynode.ReplaceExpression quixbugs/faulty_programs/POWERSET.java:133 -> quixbugs/faulty_programs/POWERSET.java:137 |","true","false","3.771726","4.6566128730773926E-10","-1.0"
"faulty_programs.POWERSET.faulty_programs.POWERSET.powerset(ArrayList)","| gin.edit.statement.CopyStatement quixbugs/faulty_programs/POWERSET.java:19 -> quixbugs/faulty_programs/POWERSET.java:102:103 |","false","false","0.0","0.0","-1.0000000004656613"
"faulty_programs.POWERSET.faulty_programs.POWERSET.powerset(ArrayList)","| gin.edit.modifynode.ReplaceExpression quixbugs/faulty_programs/POWERSET.java:108 -> quixbugs/faulty_programs/POWERSET.java:76 |","false","false","0.0","0.0","-1.0000000004656613"
"faulty_programs.POWERSET.faulty_programs.POWERSET.powerset(ArrayList)","| gin.edit.modifynode.SwapExpression quixbugs/faulty_programs/POWERSET.java:49 <-> quixbugs/faulty_programs/POWERSET.java:83 |","true","false","8.554649","1.0000000004656613","0.0"
"faulty_programs.POWERSET.faulty_programs.POWERSET.powerset(ArrayList)","| gin.edit.modifynode.SwapExpression quixbugs/faulty_programs/POWERSET.java:105 <-> quixbugs/faulty_programs/POWERSET.java:118 |","true","false","3.081822","1.0000000004656613","0.0"
"faulty_programs.POWERSET.faulty_programs.POWERSET.powerset(ArrayList)","| gin.edit.statement.DeleteStatement quixbugs/faulty_programs/POWERSET.java:94 |","true","false","2.764444","1.0000000004656613","0.0"
"faulty_programs.POWERSET.faulty_programs.POWERSET.powerset(ArrayList)","|","true","false","2.742928","1.0000000004656613","0.0"
"faulty_programs.POWERSET.faulty_programs.POWERSET.powerset(ArrayList)","| gin.edit.statement.SwapStatement quixbugs/faulty_programs/POWERSET.java:43 <-> quixbugs/faulty_programs/POWERSET.java:102 |","false","false","0.0","0.0","-1.0000000004656613"
"faulty_programs.POWERSET.faulty_programs.POWERSET.powerset(ArrayList)","| gin.edit.modifynode.SwapExpression quixbugs/faulty_programs/POWERSET.java:42 <-> quixbugs/faulty_programs/POWERSET.java:42 |","true","false","3.055776","1.0000000004656613","0.0"
"faulty_programs.POWERSET.faulty_programs.POWERSET.powerset(ArrayList)","| gin.edit.statement.SwapStatement quixbugs/faulty_programs/POWERSET.java:87 <-> quixbugs/faulty_programs/POWERSET.java:26 |","false","false","0.0","0.0","-1.0000000004656613"
"faulty_programs.POWERSET.faulty_programs.POWERSET.powerset(ArrayList)","| gin.edit.modifynode.ReplaceExpression quixbugs/faulty_programs/POWERSET.java:39 -> quixbugs/faulty_programs/POWERSET.java:118 |","true","false","3.804899","1.0000000004656613","0.0"
"faulty_programs.POWERSET.faulty_programs.POWERSET.powerset(ArrayList)","|","true","false","3.101086","1.0000000004656613","0.0"
"faulty_programs.POWERSET.faulty_programs.POWERSET.powerset(ArrayList)","| gin.edit.modifynode.UnaryOperatorReplacement  quixbugs/faulty_programs/POWERSET.java:20 LOGICAL_COMPLEMENT -> BITWISE_COMPLEMENT |","false","false","0.0","0.0","-1.0000000004656613"
"faulty_programs.POWERSET.faulty_programs.POWERSET.powerset(ArrayList)","| gin.edit.statement.SwapStatement quixbugs/faulty_programs/POWERSET.java:43 <-> quixbugs/faulty_programs/POWERSET.java:63 |","false","false","0.0","0.0","-1.0000000004656613"
"faulty_programs.POWERSET.faulty_programs.POWERSET.powerset(ArrayList)","| gin.edit.modifynode.ReplaceExpression quixbugs/faulty_programs/POWERSET.java:89 -> quixbugs/faulty_programs/POWERSET.java:127 |","false","false","0.0","0.0","-1.0000000004656613"
"faulty_programs.POWERSET.faulty_programs.POWERSET.powerset(ArrayList)","| gin.edit.statement.ReplaceStatement quixbugs/faulty_programs/POWERSET.java:121 -> quixbugs/faulty_programs/POWERSET.java:94 |","true","false","3.025493","1.0000000004656613","0.0"
"faulty_programs.POWERSET.faulty_programs.POWERSET.powerset(ArrayList)","| gin.edit.statement.SwapStatement quixbugs/faulty_programs/POWERSET.java:43 <-> quixbugs/faulty_programs/POWERSET.java:140 |","false","false","0.0","0.0","-1.0000000004656613"
"faulty_programs.POWERSET.faulty_programs.POWERSET.powerset(ArrayList)","| gin.edit.statement.CopyStatement quixbugs/faulty_programs/POWERSET.java:87 -> quixbugs/faulty_programs/POWERSET.java:25:25 |","false","false","0.0","0.0","-1.0000000004656613"
"faulty_programs.POWERSET.faulty_programs.POWERSET.powerset(ArrayList)","| gin.edit.modifynode.ReplaceExpression quixbugs/faulty_programs/POWERSET.java:27 -> quixbugs/faulty_programs/POWERSET.java:76 |","false","false","0.0","0.0","-1.0000000004656613"
"faulty_programs.POWERSET.faulty_programs.POWERSET.powerset(ArrayList)","| gin.edit.statement.ReplaceStatement quixbugs/faulty_programs/POWERSET.java:102 -> quixbugs/faulty_programs/POWERSET.java:94 |","false","false","0.0","0.0","-1.0000000004656613"
"faulty_programs.POWERSET.faulty_programs.POWERSET.powerset(ArrayList)","| gin.edit.modifynode.SwapExpression quixbugs/faulty_programs/POWERSET.java:88 <-> quixbugs/faulty_programs/POWERSET.java:32 |","false","false","0.0","0.0","-1.0000000004656613"
"faulty_programs.POWERSET.faulty_programs.POWERSET.powerset(ArrayList)","| gin.edit.modifynode.SwapExpression quixbugs/faulty_programs/POWERSET.java:127 <-> quixbugs/faulty_programs/POWERSET.java:92 |","false","false","0.0","0.0","-1.0000000004656613"
"faulty_programs.POWERSET.faulty_programs.POWERSET.powerset(ArrayList)","| gin.edit.modifynode.SwapExpression quixbugs/faulty_programs/POWERSET.java:141 <-> quixbugs/faulty_programs/POWERSET.java:39 |","false","false","0.0","0.0","-1.0000000004656613"
"faulty_programs.POWERSET.faulty_programs.POWERSET.powerset(ArrayList)","|","true","false","2.831377","1.0000000004656613","0.0"
"faulty_programs.POWERSET.faulty_programs.POWERSET.powerset(ArrayList)","| gin.edit.statement.DeleteStatement quixbugs/faulty_programs/POWERSET.java:51 |","false","false","0.0","0.0","-1.0000000004656613"
"faulty_programs.POWERSET.faulty_programs.POWERSET.powerset(ArrayList)","| gin.edit.statement.CopyStatement quixbugs/faulty_programs/POWERSET.java:26 -> quixbugs/faulty_programs/POWERSET.java:18:18 |","false","false","0.0","0.0","-1.0000000004656613"
"faulty_programs.POWERSET.faulty_programs.POWERSET.powerset(ArrayList)","| gin.edit.modifynode.ReplaceExpression quixbugs/faulty_programs/POWERSET.java:38 -> quixbugs/faulty_programs/POWERSET.java:33 |","false","false","0.0","0.0","-1.0000000004656613"
"faulty_programs.POWERSET.faulty_programs.POWERSET.powerset(ArrayList)","| gin.edit.statement.SwapStatement quixbugs/faulty_programs/POWERSET.java:25 <-> quixbugs/faulty_programs/POWERSET.java:87 |","false","false","0.0","0.0","-1.0000000004656613"
"faulty_programs.POWERSET.faulty_programs.POWERSET.powerset(ArrayList)","| gin.edit.modifynode.ReplaceExpression quixbugs/faulty_programs/POWERSET.java:104 -> quixbugs/faulty_programs/POWERSET.java:52 |","false","false","0.0","0.0","-1.0000000004656613"
"faulty_programs.POWERSET.faulty_programs.POWERSET.powerset(ArrayList)","|","true","false","3.449255","1.0000000004656613","0.0"
"faulty_programs.POWERSET.faulty_programs.POWERSET.powerset(ArrayList)","| gin.edit.modifynode.ReplaceExpression quixbugs/faulty_programs/POWERSET.java:39 -> quixbugs/faulty_programs/POWERSET.java:118 | gin.edit.statement.ReplaceStatement quixbugs/faulty_programs/POWERSET.java:43 -> quixbugs/faulty_programs/POWERSET.java:19 |","false","false","0.0","0.0","-1.0000000004656613"
"faulty_programs.POWERSET.faulty_programs.POWERSET.powerset(ArrayList)","| gin.edit.statement.DeleteStatement quixbugs/faulty_programs/POWERSET.java:18 |","false","false","0.0","0.0","-1.0000000004656613"
"faulty_programs.POWERSET.faulty_programs.POWERSET.powerset(ArrayList)","| gin.edit.statement.CopyStatement quixbugs/faulty_programs/POWERSET.java:26 -> quixbugs/faulty_programs/POWERSET.java:102:102 |","false","false","0.0","0.0","-1.0000000004656613"
"faulty_programs.POWERSET.faulty_programs.POWERSET.powerset(ArrayList)","| gin.edit.statement.CopyStatement quixbugs/faulty_programs/POWERSET.java:103 -> quixbugs/faulty_programs/POWERSET.java:18:19 |","false","false","0.0","0.0","-1.0000000004656613"
"faulty_programs.POWERSET.faulty_programs.POWERSET.powerset(ArrayList)","| gin.edit.statement.ReplaceStatement quixbugs/faulty_programs/POWERSET.java:132 -> quixbugs/faulty_programs/POWERSET.java:43 |","false","false","0.0","0.0","-1.0000000004656613"
"faulty_programs.POWERSET.faulty_programs.POWERSET.powerset(ArrayList)","| gin.edit.modifynode.UnaryOperatorReplacement  quixbugs/faulty_programs/POWERSET.java:20 LOGICAL_COMPLEMENT -> BITWISE_COMPLEMENT |","false","false","0.0","0.0","-1.0000000004656613"
"faulty_programs.POWERSET.faulty_programs.POWERSET.powerset(ArrayList)","| gin.edit.statement.CopyStatement quixbugs/faulty_programs/POWERSET.java:120 -> quixbugs/faulty_programs/POWERSET.java:120:120 |","false","false","0.0","0.0","-1.0000000004656613"
"faulty_programs.POWERSET.faulty_programs.POWERSET.powerset(ArrayList)","|","true","false","3.696811","1.0000000004656613","0.0"
"faulty_programs.POWERSET.faulty_programs.POWERSET.powerset(ArrayList)","|","true","false","3.266064","1.0000000004656613","0.0"
"faulty_programs.POWERSET.faulty_programs.POWERSET.powerset(ArrayList)","| gin.edit.modifynode.ReplaceExpression quixbugs/faulty_programs/POWERSET.java:111 -> quixbugs/faulty_programs/POWERSET.java:64 |","false","false","0.0","0.0","-1.0000000004656613"
"faulty_programs.POWERSET.faulty_programs.POWERSET.powerset(ArrayList)","| gin.edit.modifynode.SwapExpression quixbugs/faulty_programs/POWERSET.java:127 <-> quixbugs/faulty_programs/POWERSET.java:71 |","true","false","2.910308","1.0000000004656613","0.0"
"faulty_programs.POWERSET.faulty_programs.POWERSET.powerset(ArrayList)","| gin.edit.modifynode.SwapExpression quixbugs/faulty_programs/POWERSET.java:21 <-> quixbugs/faulty_programs/POWERSET.java:64 |","false","false","0.0","0.0","-1.0000000004656613"
"faulty_programs.POWERSET.faulty_programs.POWERSET.powerset(ArrayList)","| gin.edit.statement.DeleteStatement quixbugs/faulty_programs/POWERSET.java:94 | gin.edit.statement.DeleteStatement quixbugs/faulty_programs/POWERSET.java:94 |","true","false","3.181458","1.0000000004656613","0.0"
"faulty_programs.POWERSET.faulty_programs.POWERSET.powerset(ArrayList)","| gin.edit.statement.CopyStatement quixbugs/faulty_programs/POWERSET.java:120 -> quixbugs/faulty_programs/POWERSET.java:18:18 |","false","false","0.0","0.0","-1.0000000004656613"
"faulty_programs.POWERSET.faulty_programs.POWERSET.powerset(ArrayList)","| gin.edit.statement.SwapStatement quixbugs/faulty_programs/POWERSET.java:87 <-> quixbugs/faulty_programs/POWERSET.java:51 |","false","false","0.0","0.0","-1.0000000004656613"
"faulty_programs.POWERSET.faulty_programs.POWERSET.powerset(ArrayList)","| gin.edit.modifynode.SwapExpression quixbugs/faulty_programs/POWERSET.java:21 <-> quixbugs/faulty_programs/POWERSET.java:115 |","false","false","0.0","0.0","-1.0000000004656613"
"faulty_programs.POWERSET.faulty_programs.POWERSET.powerset(ArrayList)","| gin.edit.modifynode.ReplaceExpression quixbugs/faulty_programs/POWERSET.java:92 -> quixbugs/faulty_programs/POWERSET.java:44 |","false","false","0.0","0.0","-1.0000000004656613"
"faulty_programs.POWERSET.faulty_programs.POWERSET.powerset(ArrayList)","| gin.edit.statement.SwapStatement quixbugs/faulty_programs/POWERSET.java:19 <-> quixbugs/faulty_programs/POWERSET.java:63 |","false","false","0.0","0.0","-1.0000000004656613"
"faulty_programs.POWERSET.faulty_programs.POWERSET.powerset(ArrayList)","| gin.edit.statement.CopyStatement quixbugs/faulty_programs/POWERSET.java:94 -> quixbugs/faulty_programs/POWERSET.java:102:103 |","false","false","0.0","0.0","-1.0000000004656613"
"faulty_programs.POWERSET.faulty_programs.POWERSET.powerset(ArrayList)","| gin.edit.statement.SwapStatement quixbugs/faulty_programs/POWERSET.java:121 <-> quixbugs/faulty_programs/POWERSET.java:19 |","false","false","0.0","0.0","-1.0000000004656613"
"faulty_programs.POWERSET.faulty_programs.POWERSET.powerset(ArrayList)","| gin.edit.modifynode.UnaryOperatorReplacement  quixbugs/faulty_programs/POWERSET.java:20 LOGICAL_COMPLEMENT -> BITWISE_COMPLEMENT |","false","false","0.0","0.0","-1.0000000004656613"
"faulty_programs.POWERSET.faulty_programs.POWERSET.powerset(ArrayList)","| gin.edit.statement.SwapStatement quixbugs/faulty_programs/POWERSET.java:63 <-> quixbugs/faulty_programs/POWERSET.java:120 |","false","false","0.0","0.0","-1.0000000004656613"
"faulty_programs.POWERSET.faulty_programs.POWERSET.powerset(ArrayList)","| gin.edit.statement.DeleteStatement quixbugs/faulty_programs/POWERSET.java:19 |","false","false","0.0","0.0","-1.0000000004656613"
"faulty_programs.POWERSET.faulty_programs.POWERSET.powerset(ArrayList)","| gin.edit.statement.DeleteStatement quixbugs/faulty_programs/POWERSET.java:94 |","true","false","2.959902","1.0000000004656613","0.0"
"faulty_programs.POWERSET.faulty_programs.POWERSET.powerset(ArrayList)","|","true","false","2.94633","1.0000000004656613","0.0"
"faulty_programs.POWERSET.faulty_programs.POWERSET.powerset(ArrayList)","| gin.edit.modifynode.UnaryOperatorReplacement  quixbugs/faulty_programs/POWERSET.java:20 LOGICAL_COMPLEMENT -> BITWISE_COMPLEMENT |","false","false","0.0","0.0","-1.0000000004656613"
"faulty_programs.POWERSET.faulty_programs.POWERSET.powerset(ArrayList)","| gin.edit.modifynode.ReplaceExpression quixbugs/faulty_programs/POWERSET.java:76 -> quixbugs/faulty_programs/POWERSET.java:111 |","false","false","0.0","0.0","-1.0000000004656613"
"faulty_programs.POWERSET.faulty_programs.POWERSET.powerset(ArrayList)","| gin.edit.statement.CopyStatement quixbugs/faulty_programs/POWERSET.java:25 -> quixbugs/faulty_programs/POWERSET.java:18:18 |","false","false","0.0","0.0","-1.0000000004656613"
"faulty_programs.POWERSET.faulty_programs.POWERSET.powerset(ArrayList)","| gin.edit.modifynode.SwapExpression quixbugs/faulty_programs/POWERSET.java:105 <-> quixbugs/faulty_programs/POWERSET.java:118 | gin.edit.statement.DeleteStatement quixbugs/faulty_programs/POWERSET.java:63 |","false","false","0.0","0.0","-1.0000000004656613"
"faulty_programs.POWERSET.faulty_programs.POWERSET.powerset(ArrayList)","| gin.edit.modifynode.UnaryOperatorReplacement  quixbugs/faulty_programs/POWERSET.java:20 LOGICAL_COMPLEMENT -> PLUS |","false","false","0.0","0.0","-1.0000000004656613"
"faulty_programs.POWERSET.faulty_programs.POWERSET.powerset(ArrayList)","| gin.edit.modifynode.SwapExpression quixbugs/faulty_programs/POWERSET.java:105 <-> quixbugs/faulty_programs/POWERSET.java:118 | gin.edit.statement.DeleteStatement quixbugs/faulty_programs/POWERSET.java:43 |","false","false","0.0","0.0","-1.0000000004656613"
"faulty_programs.POWERSET.faulty_programs.POWERSET.powerset(ArrayList)","| gin.edit.modifynode.UnaryOperatorReplacement  quixbugs/faulty_programs/POWERSET.java:20 LOGICAL_COMPLEMENT -> PLUS |","false","false","0.0","0.0","-1.0000000004656613"
"faulty_programs.POWERSET.faulty_programs.POWERSET.powerset(ArrayList)","| gin.edit.statement.SwapStatement quixbugs/faulty_programs/POWERSET.java:25 <-> quixbugs/faulty_programs/POWERSET.java:102 |","false","false","0.0","0.0","-1.0000000004656613"
"faulty_programs.POWERSET.faulty_programs.POWERSET.powerset(ArrayList)","| gin.edit.modifynode.UnaryOperatorReplacement  quixbugs/faulty_programs/POWERSET.java:20 LOGICAL_COMPLEMENT -> BITWISE_COMPLEMENT |","false","false","0.0","0.0","-1.0000000004656613"
"faulty_programs.POWERSET.faulty_programs.POWERSET.powerset(ArrayList)","| gin.edit.modifynode.ReplaceExpression quixbugs/faulty_programs/POWERSET.java:100 -> quixbugs/faulty_programs/POWERSET.java:20 |","false","false","0.0","0.0","-1.0000000004656613"
"faulty_programs.POWERSET.faulty_programs.POWERSET.powerset(ArrayList)","| gin.edit.modifynode.UnaryOperatorReplacement  quixbugs/faulty_programs/POWERSET.java:20 LOGICAL_COMPLEMENT -> PLUS |","false","false","0.0","0.0","-1.0000000004656613"
"faulty_programs.POWERSET.faulty_programs.POWERSET.powerset(ArrayList)","| gin.edit.statement.DeleteStatement quixbugs/faulty_programs/POWERSET.java:19 |","false","false","0.0","0.0","-1.0000000004656613"
"faulty_programs.POWERSET.faulty_programs.POWERSET.powerset(ArrayList)","| gin.edit.statement.SwapStatement quixbugs/faulty_programs/POWERSET.java:117 <-> quixbugs/faulty_programs/POWERSET.java:102 |","false","false","0.0","0.0","-1.0000000004656613"
"faulty_programs.POWERSET.faulty_programs.POWERSET.powerset(ArrayList)","| gin.edit.statement.SwapStatement quixbugs/faulty_programs/POWERSET.java:110 <-> quixbugs/faulty_programs/POWERSET.java:77 |","false","false","0.0","0.0","-1.0000000004656613"
"faulty_programs.POWERSET.faulty_programs.POWERSET.powerset(ArrayList)","| gin.edit.statement.DeleteStatement quixbugs/faulty_programs/POWERSET.java:19 |","false","false","0.0","0.0","-1.0000000004656613"
"faulty_programs.POWERSET.faulty_programs.POWERSET.powerset(ArrayList)","| gin.edit.statement.DeleteStatement quixbugs/faulty_programs/POWERSET.java:120 |","false","false","0.0","0.0","-1.0000000004656613"
"faulty_programs.POWERSET.faulty_programs.POWERSET.powerset(ArrayList)","| gin.edit.statement.ReplaceStatement quixbugs/faulty_programs/POWERSET.java:102 -> quixbugs/faulty_programs/POWERSET.java:25 |","false","false","0.0","0.0","-1.0000000004656613"
"faulty_programs.POWERSET.faulty_programs.POWERSET.powerset(ArrayList)","| gin.edit.statement.SwapStatement quixbugs/faulty_programs/POWERSET.java:120 <-> quixbugs/faulty_programs/POWERSET.java:103 |","false","false","0.0","0.0","-1.0000000004656613"
"faulty_programs.POWERSET.faulty_programs.POWERSET.powerset(ArrayList)","| gin.edit.statement.DeleteStatement quixbugs/faulty_programs/POWERSET.java:120 |","false","false","0.0","0.0","-1.0000000004656613"
"faulty_programs.POWERSET.faulty_programs.POWERSET.powerset(ArrayList)","| gin.edit.modifynode.SwapExpression quixbugs/faulty_programs/POWERSET.java:83 <-> quixbugs/faulty_programs/POWERSET.java:133 |","false","false","0.0","0.0","-1.0000000004656613"
"faulty_programs.POWERSET.faulty_programs.POWERSET.powerset(ArrayList)","| gin.edit.statement.CopyStatement quixbugs/faulty_programs/POWERSET.java:18 -> quixbugs/faulty_programs/POWERSET.java:18:18 |","false","false","0.0","0.0","-1.0000000004656613"
"faulty_programs.POWERSET.faulty_programs.POWERSET.powerset(ArrayList)","|","true","false","3.476124","1.0000000004656613","0.0"
"faulty_programs.POWERSET.faulty_programs.POWERSET.powerset(ArrayList)","| gin.edit.modifynode.SwapExpression quixbugs/faulty_programs/POWERSET.java:127 <-> quixbugs/faulty_programs/POWERSET.java:71 | gin.edit.modifynode.ReplaceExpression quixbugs/faulty_programs/POWERSET.java:20 -> quixbugs/faulty_programs/POWERSET.java:59 |","false","false","0.0","0.0","-1.0000000004656613"
"faulty_programs.POWERSET.faulty_programs.POWERSET.powerset(ArrayList)","| gin.edit.modifynode.UnaryOperatorReplacement  quixbugs/faulty_programs/POWERSET.java:20 LOGICAL_COMPLEMENT -> BITWISE_COMPLEMENT |","false","false","0.0","0.0","-1.0000000004656613"
"faulty_programs.POWERSET.faulty_programs.POWERSET.powerset(ArrayList)","|","true","false","3.146277","1.0000000004656613","0.0"
"faulty_programs.POWERSET.faulty_programs.POWERSET.powerset(ArrayList)","| gin.edit.modifynode.SwapExpression quixbugs/faulty_programs/POWERSET.java:127 <-> quixbugs/faulty_programs/POWERSET.java:71 |","true","false","3.666199","1.0000000004656613","0.0"
"faulty_programs.POWERSET.faulty_programs.POWERSET.powerset(ArrayList)","| gin.edit.statement.CopyStatement quixbugs/faulty_programs/POWERSET.java:140 -> quixbugs/faulty_programs/POWERSET.java:25:77 |","false","false","0.0","0.0","-1.0000000004656613"
"faulty_programs.POWERSET.faulty_programs.POWERSET.powerset(ArrayList)","| gin.edit.modifynode.ReplaceExpression quixbugs/faulty_programs/POWERSET.java:134 -> quixbugs/faulty_programs/POWERSET.java:49 |","false","false","0.0","0.0","-1.0000000004656613"
"faulty_programs.POWERSET.faulty_programs.POWERSET.powerset(ArrayList)","| gin.edit.modifynode.SwapExpression quixbugs/faulty_programs/POWERSET.java:89 <-> quixbugs/faulty_programs/POWERSET.java:59 |","false","false","0.0","0.0","-1.0000000004656613"
"faulty_programs.POWERSET.faulty_programs.POWERSET.powerset(ArrayList)","| gin.edit.modifynode.SwapExpression quixbugs/faulty_programs/POWERSET.java:92 <-> quixbugs/faulty_programs/POWERSET.java:71 |","false","false","0.0","0.0","-1.0000000004656613"
"faulty_programs.POWERSET.faulty_programs.POWERSET.powerset(ArrayList)","| gin.edit.statement.ReplaceStatement quixbugs/faulty_programs/POWERSET.java:63 -> quixbugs/faulty_programs/POWERSET.java:43 |","false","false","0.0","0.0","-1.0000000004656613"
"faulty_programs.POWERSET.faulty_programs.POWERSET.powerset(ArrayList)","| gin.edit.modifynode.UnaryOperatorReplacement  quixbugs/faulty_programs/POWERSET.java:20 LOGICAL_COMPLEMENT -> BITWISE_COMPLEMENT |","false","false","0.0","0.0","-1.0000000004656613"
"faulty_programs.POWERSET.faulty_programs.POWERSET.powerset(ArrayList)","| gin.edit.statement.SwapStatement quixbugs/faulty_programs/POWERSET.java:110 <-> quixbugs/faulty_programs/POWERSET.java:63 |","false","false","0.0","0.0","-1.0000000004656613"
"faulty_programs.POWERSET.faulty_programs.POWERSET.powerset(ArrayList)","| gin.edit.modifynode.UnaryOperatorReplacement  quixbugs/faulty_programs/POWERSET.java:20 LOGICAL_COMPLEMENT -> PLUS |","false","false","0.0","0.0","-1.0000000004656613"
"faulty_programs.POWERSET.faulty_programs.POWERSET.powerset(ArrayList)","| gin.edit.modifynode.ReplaceExpression quixbugs/faulty_programs/POWERSET.java:76 -> quixbugs/faulty_programs/POWERSET.java:111 |","false","false","0.0","0.0","-1.0000000004656613"
"faulty_programs.POWERSET.faulty_programs.POWERSET.powerset(ArrayList)","| gin.edit.statement.CopyStatement quixbugs/faulty_programs/POWERSET.java:140 -> quixbugs/faulty_programs/POWERSET.java:18:19 |","false","false","0.0","0.0","-1.0000000004656613"
"faulty_programs.POWERSET.faulty_programs.POWERSET.powerset(ArrayList)","| gin.edit.statement.SwapStatement quixbugs/faulty_programs/POWERSET.java:132 <-> quixbugs/faulty_programs/POWERSET.java:18 |","true","false","0.0","4.6566128730773926E-10","-1.0"
"faulty_programs.POWERSET.faulty_programs.POWERSET.powerset(ArrayList)","| gin.edit.modifynode.ReplaceExpression quixbugs/faulty_programs/POWERSET.java:64 -> quixbugs/faulty_programs/POWERSET.java:86 |","false","false","0.0","0.0","-1.0000000004656613"
"faulty_programs.POWERSET.faulty_programs.POWERSET.powerset(ArrayList)","|","true","false","2.615404","1.0000000004656613","0.0"
"faulty_programs.POWERSET.faulty_programs.POWERSET.powerset(ArrayList)","| gin.edit.statement.SwapStatement quixbugs/faulty_programs/POWERSET.java:140 <-> quixbugs/faulty_programs/POWERSET.java:43 |","false","false","0.0","0.0","-1.0000000004656613"
"faulty_programs.POWERSET.faulty_programs.POWERSET.powerset(ArrayList)","| gin.edit.statement.ReplaceStatement quixbugs/faulty_programs/POWERSET.java:117 -> quixbugs/faulty_programs/POWERSET.java:94 |","false","false","0.0","0.0","-1.0000000004656613"
"faulty_programs.POWERSET.faulty_programs.POWERSET.powerset(ArrayList)","| gin.edit.statement.CopyStatement quixbugs/faulty_programs/POWERSET.java:94 -> quixbugs/faulty_programs/POWERSET.java:25:37 |","false","false","0.0","0.0","-1.0000000004656613"
"faulty_programs.POWERSET.faulty_programs.POWERSET.powerset(ArrayList)","| gin.edit.modifynode.UnaryOperatorReplacement  quixbugs/faulty_programs/POWERSET.java:20 LOGICAL_COMPLEMENT -> PLUS |","false","false","0.0","0.0","-1.0000000004656613"
"faulty_programs.POWERSET.faulty_programs.POWERSET.powerset(ArrayList)","| gin.edit.statement.DeleteStatement quixbugs/faulty_programs/POWERSET.java:94 | gin.edit.statement.ReplaceStatement quixbugs/faulty_programs/POWERSET.java:51 -> quixbugs/faulty_programs/POWERSET.java:25 |","false","false","0.0","0.0","-1.0000000004656613"
"faulty_programs.POWERSET.faulty_programs.POWERSET.powerset(ArrayList)","| gin.edit.statement.SwapStatement quixbugs/faulty_programs/POWERSET.java:19 <-> quixbugs/faulty_programs/POWERSET.java:121 |","false","false","0.0","0.0","-1.0000000004656613"
"faulty_programs.POWERSET.faulty_programs.POWERSET.powerset(ArrayList)","| gin.edit.statement.DeleteStatement quixbugs/faulty_programs/POWERSET.java:94 | gin.edit.statement.DeleteStatement quixbugs/faulty_programs/POWERSET.java:63 |","false","false","0.0","0.0","-1.0000000004656613"
"faulty_programs.POWERSET.faulty_programs.POWERSET.powerset(ArrayList)","| gin.edit.modifynode.SwapExpression quixbugs/faulty_programs/POWERSET.java:49 <-> quixbugs/faulty_programs/POWERSET.java:88 |","false","false","0.0","0.0","-1.0000000004656613"
"faulty_programs.POWERSET.faulty_programs.POWERSET.powerset(ArrayList)","| gin.edit.modifynode.SwapExpression quixbugs/faulty_programs/POWERSET.java:108 <-> quixbugs/faulty_programs/POWERSET.java:111 |","false","false","0.0","0.0","-1.0000000004656613"
"faulty_programs.POWERSET.faulty_programs.POWERSET.powerset(ArrayList)","| gin.edit.modifynode.ReplaceExpression quixbugs/faulty_programs/POWERSET.java:112 -> quixbugs/faulty_programs/POWERSET.java:61 |","false","false","0.0","0.0","-1.0000000004656613"
"faulty_programs.POWERSET.faulty_programs.POWERSET.powerset(ArrayList)","| gin.edit.statement.DeleteStatement quixbugs/faulty_programs/POWERSET.java:18 |","false","false","0.0","0.0","-1.0000000004656613"
"faulty_programs.POWERSET.faulty_programs.POWERSET.powerset(ArrayList)","| gin.edit.modifynode.SwapExpression quixbugs/faulty_programs/POWERSET.java:112 <-> quixbugs/faulty_programs/POWERSET.java:59 |","false","false","0.0","0.0","-1.0000000004656613"
"faulty_programs.POWERSET.faulty_programs.POWERSET.powerset(ArrayList)","| gin.edit.modifynode.ReplaceExpression quixbugs/faulty_programs/POWERSET.java:111 -> quixbugs/faulty_programs/POWERSET.java:108 |","false","false","0.0","0.0","-1.0000000004656613"
"faulty_programs.POWERSET.faulty_programs.POWERSET.powerset(ArrayList)","|","true","false","2.790597","1.0000000004656613","0.0"
"faulty_programs.POWERSET.faulty_programs.POWERSET.powerset(ArrayList)","| gin.edit.modifynode.ReplaceExpression quixbugs/faulty_programs/POWERSET.java:89 -> quixbugs/faulty_programs/POWERSET.java:133 |","false","false","0.0","0.0","-1.0000000004656613"
"faulty_programs.POWERSET.faulty_programs.POWERSET.powerset(ArrayList)","| gin.edit.statement.CopyStatement quixbugs/faulty_programs/POWERSET.java:120 -> quixbugs/faulty_programs/POWERSET.java:102:103 |","true","false","2.520488","1.0000000004656613","0.0"
"faulty_programs.POWERSET.faulty_programs.POWERSET.powerset(ArrayList)","|","true","false","39.501896","1.0000000004656613","0.0"
"faulty_programs.POWERSET.faulty_programs.POWERSET.powerset(ArrayList)","| gin.edit.statement.ReplaceStatement quixbugs/faulty_programs/POWERSET.java:51 -> quixbugs/faulty_programs/POWERSET.java:102 |","false","false","0.0","0.0","-1.0000000004656613"
"faulty_programs.POWERSET.faulty_programs.POWERSET.powerset(ArrayList)","| gin.edit.modifynode.ReplaceExpression quixbugs/faulty_programs/POWERSET.java:22 -> quixbugs/faulty_programs/POWERSET.java:95 |","true","false","0.0","4.6566128730773926E-10","-1.0"
"faulty_programs.POWERSET.faulty_programs.POWERSET.powerset(ArrayList)","| gin.edit.statement.CopyStatement quixbugs/faulty_programs/POWERSET.java:25 -> quixbugs/faulty_programs/POWERSET.java:18:18 |","false","false","0.0","0.0","-1.0000000004656613"
"faulty_programs.POWERSET.faulty_programs.POWERSET.powerset(ArrayList)","|","true","false","2.721201","1.0000000004656613","0.0"
"faulty_programs.POWERSET.faulty_programs.POWERSET.powerset(ArrayList)","| gin.edit.modifynode.ReplaceExpression quixbugs/faulty_programs/POWERSET.java:52 -> quixbugs/faulty_programs/POWERSET.java:21 |","false","false","0.0","0.0","-1.0000000004656613"
"faulty_programs.POWERSET.faulty_programs.POWERSET.powerset(ArrayList)","| gin.edit.statement.DeleteStatement quixbugs/faulty_programs/POWERSET.java:103 |","true","false","3.98675","1.0000000004656613","0.0"
"faulty_programs.POWERSET.faulty_programs.POWERSET.powerset(ArrayList)","| gin.edit.modifynode.SwapExpression quixbugs/faulty_programs/POWERSET.java:133 <-> quixbugs/faulty_programs/POWERSET.java:108 |","false","false","0.0","0.0","-1.0000000004656613"
"faulty_programs.POWERSET.faulty_programs.POWERSET.powerset(ArrayList)","| gin.edit.modifynode.SwapExpression quixbugs/faulty_programs/POWERSET.java:39 <-> quixbugs/faulty_programs/POWERSET.java:108 |","false","false","0.0","0.0","-1.0000000004656613"
"faulty_programs.POWERSET.faulty_programs.POWERSET.powerset(ArrayList)","|","true","false","2.516961","1.0000000004656613","0.0"
"faulty_programs.POWERSET.faulty_programs.POWERSET.powerset(ArrayList)","| gin.edit.statement.CopyStatement quixbugs/faulty_programs/POWERSET.java:51 -> quixbugs/faulty_programs/POWERSET.java:18:18 |","false","false","0.0","0.0","-1.0000000004656613"
"faulty_programs.POWERSET.faulty_programs.POWERSET.powerset(ArrayList)","|","true","false","2.631266","1.0000000004656613","0.0"
"faulty_programs.POWERSET.faulty_programs.POWERSET.powerset(ArrayList)","| gin.edit.statement.DeleteStatement quixbugs/faulty_programs/POWERSET.java:120 |","false","false","0.0","0.0","-1.0000000004656613"
"faulty_programs.POWERSET.faulty_programs.POWERSET.powerset(ArrayList)","|","true","false","2.360198","1.0000000004656613","0.0"
"faulty_programs.POWERSET.faulty_programs.POWERSET.powerset(ArrayList)","| gin.edit.statement.SwapStatement quixbugs/faulty_programs/POWERSET.java:87 <-> quixbugs/faulty_programs/POWERSET.java:51 |","false","false","0.0","0.0","-1.0000000004656613"
"faulty_programs.POWERSET.faulty_programs.POWERSET.powerset(ArrayList)","| gin.edit.statement.CopyStatement quixbugs/faulty_programs/POWERSET.java:19 -> quixbugs/faulty_programs/POWERSET.java:18:18 |","false","false","0.0","0.0","-1.0000000004656613"
"faulty_programs.POWERSET.faulty_programs.POWERSET.powerset(ArrayList)","| gin.edit.modifynode.SwapExpression quixbugs/faulty_programs/POWERSET.java:111 <-> quixbugs/faulty_programs/POWERSET.java:118 |","false","false","0.0","0.0","-1.0000000004656613"
"faulty_programs.POWERSET.faulty_programs.POWERSET.powerset(ArrayList)","| gin.edit.statement.CopyStatement quixbugs/faulty_programs/POWERSET.java:26 -> quixbugs/faulty_programs/POWERSET.java:120:132 |","true","false","2.374354","4.6566128730773926E-10","-1.0"
"faulty_programs.POWERSET.faulty_programs.POWERSET.powerset(ArrayList)","| gin.edit.statement.CopyStatement quixbugs/faulty_programs/POWERSET.java:94 -> quixbugs/faulty_programs/POWERSET.java:102:103 |","false","false","0.0","0.0","-1.0000000004656613"
"faulty_programs.POWERSET.faulty_programs.POWERSET.powerset(ArrayList)","| gin.edit.statement.DeleteStatement quixbugs/faulty_programs/POWERSET.java:103 |","true","false","2.334814","1.0000000004656613","0.0"
"faulty_programs.POWERSET.faulty_programs.POWERSET.powerset(ArrayList)","| gin.edit.statement.ReplaceStatement quixbugs/faulty_programs/POWERSET.java:140 -> quixbugs/faulty_programs/POWERSET.java:120 |","false","false","0.0","0.0","-1.0000000004656613"
"faulty_programs.POWERSET.faulty_programs.POWERSET.powerset(ArrayList)","| gin.edit.modifynode.ReplaceExpression quixbugs/faulty_programs/POWERSET.java:22 -> quixbugs/faulty_programs/POWERSET.java:100 |","false","false","0.0","0.0","-1.0000000004656613"
"faulty_programs.POWERSET.faulty_programs.POWERSET.powerset(ArrayList)","| gin.edit.statement.DeleteStatement quixbugs/faulty_programs/POWERSET.java:117 |","false","false","0.0","0.0","-1.0000000004656613"
"faulty_programs.POWERSET.faulty_programs.POWERSET.powerset(ArrayList)","| gin.edit.statement.SwapStatement quixbugs/faulty_programs/POWERSET.java:94 <-> quixbugs/faulty_programs/POWERSET.java:26 |","false","false","0.0","0.0","-1.0000000004656613"
"faulty_programs.POWERSET.faulty_programs.POWERSET.powerset(ArrayList)","| gin.edit.modifynode.UnaryOperatorReplacement  quixbugs/faulty_programs/POWERSET.java:20 LOGICAL_COMPLEMENT -> BITWISE_COMPLEMENT |","false","false","0.0","0.0","-1.0000000004656613"
"faulty_programs.POWERSET.faulty_programs.POWERSET.powerset(ArrayList)","| gin.edit.statement.CopyStatement quixbugs/faulty_programs/POWERSET.java:63 -> quixbugs/faulty_programs/POWERSET.java:120:140 |","false","false","0.0","0.0","-1.0000000004656613"
"faulty_programs.POWERSET.faulty_programs.POWERSET.powerset(ArrayList)","| gin.edit.modifynode.UnaryOperatorReplacement  quixbugs/faulty_programs/POWERSET.java:20 LOGICAL_COMPLEMENT -> PLUS |","false","false","0.0","0.0","-1.0000000004656613"
"faulty_programs.POWERSET.faulty_programs.POWERSET.powerset(ArrayList)","| gin.edit.modifynode.ReplaceExpression quixbugs/faulty_programs/POWERSET.java:59 -> quixbugs/faulty_programs/POWERSET.java:141 |","false","false","0.0","0.0","-1.0000000004656613"
"faulty_programs.POWERSET.faulty_programs.POWERSET.powerset(ArrayList)","| gin.edit.modifynode.SwapExpression quixbugs/faulty_programs/POWERSET.java:76 <-> quixbugs/faulty_programs/POWERSET.java:112 |","false","false","0.0","0.0","-1.0000000004656613"
"faulty_programs.POWERSET.faulty_programs.POWERSET.powerset(ArrayList)","| gin.edit.modifynode.UnaryOperatorReplacement  quixbugs/faulty_programs/POWERSET.java:20 LOGICAL_COMPLEMENT -> BITWISE_COMPLEMENT |","false","false","0.0","0.0","-1.0000000004656613"
"faulty_programs.POWERSET.faulty_programs.POWERSET.powerset(ArrayList)","| gin.edit.modifynode.ReplaceExpression quixbugs/faulty_programs/POWERSET.java:33 -> quixbugs/faulty_programs/POWERSET.java:108 |","true","false","2.020828","1.0000000004656613","0.0"
"faulty_programs.POWERSET.faulty_programs.POWERSET.powerset(ArrayList)","| gin.edit.modifynode.ReplaceExpression quixbugs/faulty_programs/POWERSET.java:88 -> quixbugs/faulty_programs/POWERSET.java:27 |","false","false","0.0","0.0","-1.0000000004656613"
"faulty_programs.POWERSET.faulty_programs.POWERSET.powerset(ArrayList)","| gin.edit.statement.DeleteStatement quixbugs/faulty_programs/POWERSET.java:37 |","true","false","10.001358","1.0000000004656613","0.0"
"faulty_programs.POWERSET.faulty_programs.POWERSET.powerset(ArrayList)","| gin.edit.statement.SwapStatement quixbugs/faulty_programs/POWERSET.java:51 <-> quixbugs/faulty_programs/POWERSET.java:110 |","false","false","0.0","0.0","-1.0000000004656613"
"faulty_programs.POWERSET.faulty_programs.POWERSET.powerset(ArrayList)","| gin.edit.modifynode.SwapExpression quixbugs/faulty_programs/POWERSET.java:78 <-> quixbugs/faulty_programs/POWERSET.java:64 |","true","false","29.698816","1.0000000004656613","0.0"
"faulty_programs.POWERSET.faulty_programs.POWERSET.powerset(ArrayList)","| gin.edit.statement.SwapStatement quixbugs/faulty_programs/POWERSET.java:102 <-> quixbugs/faulty_programs/POWERSET.java:25 |","false","false","0.0","0.0","-1.0000000004656613"
"faulty_programs.POWERSET.faulty_programs.POWERSET.powerset(ArrayList)","|","true","false","2.01329","1.0000000004656613","0.0"
"faulty_programs.POWERSET.faulty_programs.POWERSET.powerset(ArrayList)","| gin.edit.statement.CopyStatement quixbugs/faulty_programs/POWERSET.java:77 -> quixbugs/faulty_programs/POWERSET.java:102:102 |","false","false","0.0","0.0","-1.0000000004656613"
"faulty_programs.POWERSET.faulty_programs.POWERSET.powerset(ArrayList)","| gin.edit.statement.CopyStatement quixbugs/faulty_programs/POWERSET.java:121 -> quixbugs/faulty_programs/POWERSET.java:102:103 |","true","false","2.664789","1.0000000004656613","0.0"
"faulty_programs.POWERSET.faulty_programs.POWERSET.powerset(ArrayList)","| gin.edit.statement.DeleteStatement quixbugs/faulty_programs/POWERSET.java:110 |","true","false","1.788994","1.0000000004656613","0.0"
"faulty_programs.POWERSET.faulty_programs.POWERSET.powerset(ArrayList)","| gin.edit.modifynode.SwapExpression quixbugs/faulty_programs/POWERSET.java:118 <-> quixbugs/faulty_programs/POWERSET.java:39 |","false","false","0.0","0.0","-1.0000000004656613"
"faulty_programs.POWERSET.faulty_programs.POWERSET.powerset(ArrayList)","| gin.edit.statement.SwapStatement quixbugs/faulty_programs/POWERSET.java:121 <-> quixbugs/faulty_programs/POWERSET.java:37 |","false","false","0.0","0.0","-1.0000000004656613"
"faulty_programs.POWERSET.faulty_programs.POWERSET.powerset(ArrayList)","| gin.edit.modifynode.UnaryOperatorReplacement  quixbugs/faulty_programs/POWERSET.java:20 LOGICAL_COMPLEMENT -> MINUS |","false","false","0.0","0.0","-1.0000000004656613"
"faulty_programs.POWERSET.faulty_programs.POWERSET.powerset(ArrayList)","| gin.edit.modifynode.ReplaceExpression quixbugs/faulty_programs/POWERSET.java:38 -> quixbugs/faulty_programs/POWERSET.java:133 |","true","false","1.857166","4.6566128730773926E-10","-1.0"
"faulty_programs.POWERSET.faulty_programs.POWERSET.powerset(ArrayList)","| gin.edit.statement.CopyStatement quixbugs/faulty_programs/POWERSET.java:132 -> quixbugs/faulty_programs/POWERSET.java:120:132 |","true","false","2.027464","4.6566128730773926E-10","-1.0"
"faulty_programs.POWERSET.faulty_programs.POWERSET.powerset(ArrayList)","| gin.edit.modifynode.ReplaceExpression quixbugs/faulty_programs/POWERSET.java:52 -> quixbugs/faulty_programs/POWERSET.java:32 |","false","false","0.0","0.0","-1.0000000004656613"
"faulty_programs.POWERSET.faulty_programs.POWERSET.powerset(ArrayList)","| gin.edit.modifynode.UnaryOperatorReplacement  quixbugs/faulty_programs/POWERSET.java:20 LOGICAL_COMPLEMENT -> BITWISE_COMPLEMENT |","false","false","0.0","0.0","-1.0000000004656613"
"faulty_programs.POWERSET.faulty_programs.POWERSET.powerset(ArrayList)","| gin.edit.statement.DeleteStatement quixbugs/faulty_programs/POWERSET.java:110 |","true","false","1.93798","1.0000000004656613","0.0"
"faulty_programs.POWERSET.faulty_programs.POWERSET.powerset(ArrayList)","| gin.edit.statement.SwapStatement quixbugs/faulty_programs/POWERSET.java:110 <-> quixbugs/faulty_programs/POWERSET.java:87 |","true","false","2.055404","1.0000000004656613","0.0"
"faulty_programs.POWERSET.faulty_programs.POWERSET.powerset(ArrayList)","| gin.edit.modifynode.UnaryOperatorReplacement  quixbugs/faulty_programs/POWERSET.java:20 LOGICAL_COMPLEMENT -> MINUS |","false","false","0.0","0.0","-1.0000000004656613"
"faulty_programs.POWERSET.faulty_programs.POWERSET.powerset(ArrayList)","| gin.edit.modifynode.SwapExpression quixbugs/faulty_programs/POWERSET.java:104 <-> quixbugs/faulty_programs/POWERSET.java:78 |","false","false","0.0","0.0","-1.0000000004656613"
"faulty_programs.POWERSET.faulty_programs.POWERSET.powerset(ArrayList)","| gin.edit.statement.CopyStatement quixbugs/faulty_programs/POWERSET.java:140 -> quixbugs/faulty_programs/POWERSET.java:102:102 |","false","false","0.0","0.0","-1.0000000004656613"
"faulty_programs.POWERSET.faulty_programs.POWERSET.powerset(ArrayList)","|","true","false","2.028927","1.0000000004656613","0.0"
"faulty_programs.POWERSET.faulty_programs.POWERSET.powerset(ArrayList)","| gin.edit.modifynode.UnaryOperatorReplacement  quixbugs/faulty_programs/POWERSET.java:20 LOGICAL_COMPLEMENT -> MINUS |","false","false","0.0","0.0","-1.0000000004656613"
"faulty_programs.POWERSET.faulty_programs.POWERSET.powerset(ArrayList)","| gin.edit.modifynode.ReplaceExpression quixbugs/faulty_programs/POWERSET.java:38 -> quixbugs/faulty_programs/POWERSET.java:86 |","false","false","0.0","0.0","-1.0000000004656613"
"faulty_programs.POWERSET.faulty_programs.POWERSET.powerset(ArrayList)","| gin.edit.statement.DeleteStatement quixbugs/faulty_programs/POWERSET.java:77 |","false","false","0.0","0.0","-1.0000000004656613"
"faulty_programs.POWERSET.faulty_programs.POWERSET.powerset(ArrayList)","|","true","false","3.289786","1.0000000004656613","0.0"
"faulty_programs.POWERSET.faulty_programs.POWERSET.powerset(ArrayList)","|","true","false","2.110588","1.0000000004656613","0.0"
"faulty_programs.POWERSET.faulty_programs.POWERSET.powerset(ArrayList)","| gin.edit.statement.DeleteStatement quixbugs/faulty_programs/POWERSET.java:132 |","true","false","2.240441","4.6566128730773926E-10","-1.0"
"faulty_programs.POWERSET.faulty_programs.POWERSET.powerset(ArrayList)","| gin.edit.statement.DeleteStatement quixbugs/faulty_programs/POWERSET.java:63 |","false","false","0.0","0.0","-1.0000000004656613"
"faulty_programs.POWERSET.faulty_programs.POWERSET.powerset(ArrayList)","| gin.edit.statement.CopyStatement quixbugs/faulty_programs/POWERSET.java:51 -> quixbugs/faulty_programs/POWERSET.java:18:19 |","false","false","0.0","0.0","-1.0000000004656613"
"faulty_programs.POWERSET.faulty_programs.POWERSET.powerset(ArrayList)","|","true","false","2.245971","1.0000000004656613","0.0"
"faulty_programs.POWERSET.faulty_programs.POWERSET.powerset(ArrayList)","| gin.edit.statement.ReplaceStatement quixbugs/faulty_programs/POWERSET.java:25 -> quixbugs/faulty_programs/POWERSET.java:117 |","false","false","0.0","0.0","-1.0000000004656613"
"faulty_programs.POWERSET.faulty_programs.POWERSET.powerset(ArrayList)","| gin.edit.statement.SwapStatement quixbugs/faulty_programs/POWERSET.java:110 <-> quixbugs/faulty_programs/POWERSET.java:19 |","false","false","0.0","0.0","-1.0000000004656613"
"faulty_programs.POWERSET.faulty_programs.POWERSET.powerset(ArrayList)","| gin.edit.modifynode.ReplaceExpression quixbugs/faulty_programs/POWERSET.java:89 -> quixbugs/faulty_programs/POWERSET.java:111 |","false","false","0.0","0.0","-1.0000000004656613"
"faulty_programs.POWERSET.faulty_programs.POWERSET.powerset(ArrayList)","| gin.edit.modifynode.SwapExpression quixbugs/faulty_programs/POWERSET.java:59 <-> quixbugs/faulty_programs/POWERSET.java:134 |","false","false","0.0","0.0","-1.0000000004656613"
"faulty_programs.POWERSET.faulty_programs.POWERSET.powerset(ArrayList)","| gin.edit.modifynode.SwapExpression quixbugs/faulty_programs/POWERSET.java:59 <-> quixbugs/faulty_programs/POWERSET.java:112 |","false","false","0.0","0.0","-1.0000000004656613"
"faulty_programs.POWERSET.faulty_programs.POWERSET.powerset(ArrayList)","| gin.edit.statement.CopyStatement quixbugs/faulty_programs/POWERSET.java:51 -> quixbugs/faulty_programs/POWERSET.java:102:102 |","false","false","0.0","0.0","-1.0000000004656613"
"faulty_programs.POWERSET.faulty_programs.POWERSET.powerset(ArrayList)","| gin.edit.statement.ReplaceStatement quixbugs/faulty_programs/POWERSET.java:18 -> quixbugs/faulty_programs/POWERSET.java:37 |","false","false","0.0","0.0","-1.0000000004656613"
"faulty_programs.POWERSET.faulty_programs.POWERSET.powerset(ArrayList)","| gin.edit.modifynode.SwapExpression quixbugs/faulty_programs/POWERSET.java:44 <-> quixbugs/faulty_programs/POWERSET.java:108 |","false","false","0.0","0.0","-1.0000000004656613"
"faulty_programs.POWERSET.faulty_programs.POWERSET.powerset(ArrayList)","| gin.edit.modifynode.SwapExpression quixbugs/faulty_programs/POWERSET.java:32 <-> quixbugs/faulty_programs/POWERSET.java:44 |","false","false","0.0","0.0","-1.0000000004656613"
"faulty_programs.POWERSET.faulty_programs.POWERSET.powerset(ArrayList)","| gin.edit.modifynode.UnaryOperatorReplacement  quixbugs/faulty_programs/POWERSET.java:20 LOGICAL_COMPLEMENT -> BITWISE_COMPLEMENT |","false","false","0.0","0.0","-1.0000000004656613"
"faulty_programs.POWERSET.faulty_programs.POWERSET.powerset(ArrayList)","| gin.edit.modifynode.UnaryOperatorReplacement  quixbugs/faulty_programs/POWERSET.java:20 LOGICAL_COMPLEMENT -> BITWISE_COMPLEMENT |","false","false","0.0","0.0","-1.0000000004656613"
"faulty_programs.POWERSET.faulty_programs.POWERSET.powerset(ArrayList)","| gin.edit.modifynode.UnaryOperatorReplacement  quixbugs/faulty_programs/POWERSET.java:20 LOGICAL_COMPLEMENT -> BITWISE_COMPLEMENT |","false","false","0.0","0.0","-1.0000000004656613"
"faulty_programs.POWERSET.faulty_programs.POWERSET.powerset(ArrayList)","| gin.edit.modifynode.UnaryOperatorReplacement  quixbugs/faulty_programs/POWERSET.java:20 LOGICAL_COMPLEMENT -> PLUS |","false","false","0.0","0.0","-1.0000000004656613"
"faulty_programs.POWERSET.faulty_programs.POWERSET.powerset(ArrayList)","| gin.edit.modifynode.SwapExpression quixbugs/faulty_programs/POWERSET.java:22 <-> quixbugs/faulty_programs/POWERSET.java:52 |","false","false","0.0","0.0","-1.0000000004656613"
"faulty_programs.POWERSET.faulty_programs.POWERSET.powerset(ArrayList)","| gin.edit.statement.ReplaceStatement quixbugs/faulty_programs/POWERSET.java:121 -> quixbugs/faulty_programs/POWERSET.java:121 |","true","false","1.915259","1.0000000004656613","0.0"
"faulty_programs.POWERSET.faulty_programs.POWERSET.powerset(ArrayList)","|","true","false","1.94196","1.0000000004656613","0.0"
"faulty_programs.POWERSET.faulty_programs.POWERSET.powerset(ArrayList)","| gin.edit.statement.DeleteStatement quixbugs/faulty_programs/POWERSET.java:43 |","false","false","0.0","0.0","-1.0000000004656613"
"faulty_programs.POWERSET.faulty_programs.POWERSET.powerset(ArrayList)","| gin.edit.statement.ReplaceStatement quixbugs/faulty_programs/POWERSET.java:43 -> quixbugs/faulty_programs/POWERSET.java:102 |","false","false","0.0","0.0","-1.0000000004656613"
"faulty_programs.POWERSET.faulty_programs.POWERSET.powerset(ArrayList)","|","true","false","1.846344","1.0000000004656613","0.0"
"faulty_programs.POWERSET.faulty_programs.POWERSET.powerset(ArrayList)","|","true","false","2.021018","1.0000000004656613","0.0"
"faulty_programs.POWERSET.faulty_programs.POWERSET.powerset(ArrayList)","| gin.edit.statement.SwapStatement quixbugs/faulty_programs/POWERSET.java:140 <-> quixbugs/faulty_programs/POWERSET.java:87 |","false","false","0.0","0.0","-1.0000000004656613"
"faulty_programs.POWERSET.faulty_programs.POWERSET.powerset(ArrayList)","| gin.edit.statement.DeleteStatement quixbugs/faulty_programs/POWERSET.java:121 |","false","false","0.0","0.0","-1.0000000004656613"
"faulty_programs.POWERSET.faulty_programs.POWERSET.powerset(ArrayList)","| gin.edit.statement.CopyStatement quixbugs/faulty_programs/POWERSET.java:132 -> quixbugs/faulty_programs/POWERSET.java:18:19 |","false","false","0.0","0.0","-1.0000000004656613"
"faulty_programs.POWERSET.faulty_programs.POWERSET.powerset(ArrayList)","| gin.edit.statement.ReplaceStatement quixbugs/faulty_programs/POWERSET.java:26 -> quixbugs/faulty_programs/POWERSET.java:121 |","false","false","0.0","0.0","-1.0000000004656613"
"faulty_programs.POWERSET.faulty_programs.POWERSET.powerset(ArrayList)","|","true","false","2.016565","1.0000000004656613","0.0"
"faulty_programs.POWERSET.faulty_programs.POWERSET.powerset(ArrayList)","| gin.edit.statement.SwapStatement quixbugs/faulty_programs/POWERSET.java:63 <-> quixbugs/faulty_programs/POWERSET.java:117 |","false","false","0.0","0.0","-1.0000000004656613"
"faulty_programs.POWERSET.faulty_programs.POWERSET.powerset(ArrayList)","| gin.edit.statement.CopyStatement quixbugs/faulty_programs/POWERSET.java:110 -> quixbugs/faulty_programs/POWERSET.java:25:110 |","true","false","2.475822","1.0000000004656613","0.0"
"faulty_programs.POWERSET.faulty_programs.POWERSET.powerset(ArrayList)","| gin.edit.modifynode.UnaryOperatorReplacement  quixbugs/faulty_programs/POWERSET.java:20 LOGICAL_COMPLEMENT -> PLUS |","false","false","0.0","0.0","-1.0000000004656613"
"faulty_programs.POWERSET.faulty_programs.POWERSET.powerset(ArrayList)","| gin.edit.statement.SwapStatement quixbugs/faulty_programs/POWERSET.java:19 <-> quixbugs/faulty_programs/POWERSET.java:51 |","false","false","0.0","0.0","-1.0000000004656613"
"faulty_programs.POWERSET.faulty_programs.POWERSET.powerset(ArrayList)","| gin.edit.modifynode.SwapExpression quixbugs/faulty_programs/POWERSET.java:105 <-> quixbugs/faulty_programs/POWERSET.java:78 |","false","false","0.0","0.0","-1.0000000004656613"
"faulty_programs.POWERSET.faulty_programs.POWERSET.powerset(ArrayList)","| gin.edit.statement.DeleteStatement quixbugs/faulty_programs/POWERSET.java:117 |","false","false","0.0","0.0","-1.0000000004656613"
"faulty_programs.POWERSET.faulty_programs.POWERSET.powerset(ArrayList)","| gin.edit.statement.SwapStatement quixbugs/faulty_programs/POWERSET.java:87 <-> quixbugs/faulty_programs/POWERSET.java:77 |","false","false","0.0","0.0","-1.0000000004656613"
"faulty_programs.POWERSET.faulty_programs.POWERSET.powerset(ArrayList)","| gin.edit.statement.SwapStatement quixbugs/faulty_programs/POWERSET.java:63 <-> quixbugs/faulty_programs/POWERSET.java:102 |","false","false","0.0","0.0","-1.0000000004656613"
"faulty_programs.POWERSET.faulty_programs.POWERSET.powerset(ArrayList)","|","true","false","1.980353","1.0000000004656613","0.0"
"faulty_programs.POWERSET.faulty_programs.POWERSET.powerset(ArrayList)","| gin.edit.statement.CopyStatement quixbugs/faulty_programs/POWERSET.java:37 -> quixbugs/faulty_programs/POWERSET.java:25:25 |","true","false","3.176273","1.0000000004656613","0.0"
"faulty_programs.POWERSET.faulty_programs.POWERSET.powerset(ArrayList)","| gin.edit.modifynode.UnaryOperatorReplacement  quixbugs/faulty_programs/POWERSET.java:20 LOGICAL_COMPLEMENT -> MINUS |","false","false","0.0","0.0","-1.0000000004656613"
"faulty_programs.POWERSET.faulty_programs.POWERSET.powerset(ArrayList)","| gin.edit.statement.DeleteStatement quixbugs/faulty_programs/POWERSET.java:77 |","false","false","0.0","0.0","-1.0000000004656613"
"faulty_programs.POWERSET.faulty_programs.POWERSET.powerset(ArrayList)","|","true","false","1.967284","1.0000000004656613","0.0"
"faulty_programs.POWERSET.faulty_programs.POWERSET.powerset(ArrayList)","| gin.edit.modifynode.SwapExpression quixbugs/faulty_programs/POWERSET.java:76 <-> quixbugs/faulty_programs/POWERSET.java:59 |","false","false","0.0","0.0","-1.0000000004656613"
"faulty_programs.POWERSET.faulty_programs.POWERSET.powerset(ArrayList)","| gin.edit.statement.ReplaceStatement quixbugs/faulty_programs/POWERSET.java:103 -> quixbugs/faulty_programs/POWERSET.java:132 |","false","false","0.0","0.0","-1.0000000004656613"
"faulty_programs.POWERSET.faulty_programs.POWERSET.powerset(ArrayList)","|","true","false","2.479707","1.0000000004656613","0.0"
"faulty_programs.POWERSET.faulty_programs.POWERSET.powerset(ArrayList)","| gin.edit.modifynode.ReplaceExpression quixbugs/faulty_programs/POWERSET.java:118 -> quixbugs/faulty_programs/POWERSET.java:39 |","false","false","0.0","0.0","-1.0000000004656613"
"faulty_programs.POWERSET.faulty_programs.POWERSET.powerset(ArrayList)","| gin.edit.statement.SwapStatement quixbugs/faulty_programs/POWERSET.java:110 <-> quixbugs/faulty_programs/POWERSET.java:87 | gin.edit.modifynode.ReplaceExpression quixbugs/faulty_programs/POWERSET.java:38 -> quixbugs/faulty_programs/POWERSET.java:27 |","false","false","0.0","0.0","-1.0000000004656613"
"faulty_programs.POWERSET.faulty_programs.POWERSET.powerset(ArrayList)","| gin.edit.statement.DeleteStatement quixbugs/faulty_programs/POWERSET.java:77 |","false","false","0.0","0.0","-1.0000000004656613"
"faulty_programs.POWERSET.faulty_programs.POWERSET.powerset(ArrayList)","| gin.edit.statement.DeleteStatement quixbugs/faulty_programs/POWERSET.java:132 |","true","false","2.054536","4.6566128730773926E-10","-1.0"
"faulty_programs.POWERSET.faulty_programs.POWERSET.powerset(ArrayList)","| gin.edit.statement.ReplaceStatement quixbugs/faulty_programs/POWERSET.java:43 -> quixbugs/faulty_programs/POWERSET.java:103 |","false","false","0.0","0.0","-1.0000000004656613"
"faulty_programs.POWERSET.faulty_programs.POWERSET.powerset(ArrayList)","| gin.edit.modifynode.ReplaceExpression quixbugs/faulty_programs/POWERSET.java:100 -> quixbugs/faulty_programs/POWERSET.java:33 |","false","false","0.0","0.0","-1.0000000004656613"
"faulty_programs.POWERSET.faulty_programs.POWERSET.powerset(ArrayList)","| gin.edit.modifynode.ReplaceExpression quixbugs/faulty_programs/POWERSET.java:104 -> quixbugs/faulty_programs/POWERSET.java:100 |","false","false","0.0","0.0","-1.0000000004656613"
"faulty_programs.POWERSET.faulty_programs.POWERSET.powerset(ArrayList)","| gin.edit.modifynode.UnaryOperatorReplacement  quixbugs/faulty_programs/POWERSET.java:20 LOGICAL_COMPLEMENT -> PLUS |","false","false","0.0","0.0","-1.0000000004656613"
"faulty_programs.POWERSET.faulty_programs.POWERSET.powerset(ArrayList)","| gin.edit.statement.CopyStatement quixbugs/faulty_programs/POWERSET.java:94 -> quixbugs/faulty_programs/POWERSET.java:102:102 |","false","false","0.0","0.0","-1.0000000004656613"
"faulty_programs.POWERSET.faulty_programs.POWERSET.powerset(ArrayList)","| gin.edit.statement.SwapStatement quixbugs/faulty_programs/POWERSET.java:37 <-> quixbugs/faulty_programs/POWERSET.java:140 |","false","false","0.0","0.0","-1.0000000004656613"
"faulty_programs.POWERSET.faulty_programs.POWERSET.powerset(ArrayList)","| gin.edit.statement.CopyStatement quixbugs/faulty_programs/POWERSET.java:102 -> quixbugs/faulty_programs/POWERSET.java:18:18 |","false","false","0.0","0.0","-1.0000000004656613"
"faulty_programs.POWERSET.faulty_programs.POWERSET.powerset(ArrayList)","| gin.edit.modifynode.UnaryOperatorReplacement  quixbugs/faulty_programs/POWERSET.java:20 LOGICAL_COMPLEMENT -> PLUS |","false","false","0.0","0.0","-1.0000000004656613"
"faulty_programs.POWERSET.faulty_programs.POWERSET.powerset(ArrayList)","| gin.edit.statement.DeleteStatement quixbugs/faulty_programs/POWERSET.java:102 |","true","false","0.0","4.6566128730773926E-10","-1.0"
"faulty_programs.POWERSET.faulty_programs.POWERSET.powerset(ArrayList)","| gin.edit.statement.DeleteStatement quixbugs/faulty_programs/POWERSET.java:18 |","false","false","0.0","0.0","-1.0000000004656613"
"faulty_programs.POWERSET.faulty_programs.POWERSET.powerset(ArrayList)","| gin.edit.modifynode.UnaryOperatorReplacement  quixbugs/faulty_programs/POWERSET.java:20 LOGICAL_COMPLEMENT -> MINUS |","false","false","0.0","0.0","-1.0000000004656613"
"faulty_programs.POWERSET.faulty_programs.POWERSET.powerset(ArrayList)","|","true","false","1.916894","1.0000000004656613","0.0"
"faulty_programs.POWERSET.faulty_programs.POWERSET.powerset(ArrayList)","| gin.edit.statement.SwapStatement quixbugs/faulty_programs/POWERSET.java:18 <-> quixbugs/faulty_programs/POWERSET.java:140 |","true","false","0.0","4.6566128730773926E-10","-1.0"
"faulty_programs.POWERSET.faulty_programs.POWERSET.powerset(ArrayList)","| gin.edit.modifynode.UnaryOperatorReplacement  quixbugs/faulty_programs/POWERSET.java:20 LOGICAL_COMPLEMENT -> PLUS |","false","false","0.0","0.0","-1.0000000004656613"
"faulty_programs.POWERSET.faulty_programs.POWERSET.powerset(ArrayList)","| gin.edit.modifynode.UnaryOperatorReplacement  quixbugs/faulty_programs/POWERSET.java:20 LOGICAL_COMPLEMENT -> PLUS |","false","false","0.0","0.0","-1.0000000004656613"
"faulty_programs.POWERSET.faulty_programs.POWERSET.powerset(ArrayList)","| gin.edit.statement.ReplaceStatement quixbugs/faulty_programs/POWERSET.java:26 -> quixbugs/faulty_programs/POWERSET.java:94 |","false","false","0.0","0.0","-1.0000000004656613"
"faulty_programs.POWERSET.faulty_programs.POWERSET.powerset(ArrayList)","|","true","false","1.976337","1.0000000004656613","0.0"
"faulty_programs.POWERSET.faulty_programs.POWERSET.powerset(ArrayList)","| gin.edit.statement.ReplaceStatement quixbugs/faulty_programs/POWERSET.java:37 -> quixbugs/faulty_programs/POWERSET.java:94 |","true","false","2.474645","1.0000000004656613","0.0"
"faulty_programs.POWERSET.faulty_programs.POWERSET.powerset(ArrayList)","| gin.edit.modifynode.UnaryOperatorReplacement  quixbugs/faulty_programs/POWERSET.java:20 LOGICAL_COMPLEMENT -> MINUS |","false","false","0.0","0.0","-1.0000000004656613"
"faulty_programs.POWERSET.faulty_programs.POWERSET.powerset(ArrayList)","| gin.edit.statement.DeleteStatement quixbugs/faulty_programs/POWERSET.java:87 |","true","false","1.866882","1.0000000004656613","0.0"
"faulty_programs.POWERSET.faulty_programs.POWERSET.powerset(ArrayList)","| gin.edit.modifynode.ReplaceExpression quixbugs/faulty_programs/POWERSET.java:33 -> quixbugs/faulty_programs/POWERSET.java:88 |","false","false","0.0","0.0","-1.0000000004656613"
"faulty_programs.POWERSET.faulty_programs.POWERSET.powerset(ArrayList)","|","true","false","2.062266","1.0000000004656613","0.0"
"faulty_programs.POWERSET.faulty_programs.POWERSET.powerset(ArrayList)","| gin.edit.modifynode.ReplaceExpression quixbugs/faulty_programs/POWERSET.java:127 -> quixbugs/faulty_programs/POWERSET.java:95 |","true","false","0.0","4.6566128730773926E-10","-1.0"
"faulty_programs.POWERSET.faulty_programs.POWERSET.powerset(ArrayList)","| gin.edit.modifynode.UnaryOperatorReplacement  quixbugs/faulty_programs/POWERSET.java:20 LOGICAL_COMPLEMENT -> MINUS |","false","false","0.0","0.0","-1.0000000004656613"
"faulty_programs.POWERSET.faulty_programs.POWERSET.powerset(ArrayList)","| gin.edit.statement.ReplaceStatement quixbugs/faulty_programs/POWERSET.java:132 -> quixbugs/faulty_programs/POWERSET.java:103 |","false","false","0.0","0.0","-1.0000000004656613"
"faulty_programs.POWERSET.faulty_programs.POWERSET.powerset(ArrayList)","| gin.edit.modifynode.UnaryOperatorReplacement  quixbugs/faulty_programs/POWERSET.java:20 LOGICAL_COMPLEMENT -> MINUS |","false","false","0.0","0.0","-1.0000000004656613"
"faulty_programs.POWERSET.faulty_programs.POWERSET.powerset(ArrayList)","| gin.edit.statement.ReplaceStatement quixbugs/faulty_programs/POWERSET.java:63 -> quixbugs/faulty_programs/POWERSET.java:117 |","false","false","0.0","0.0","-1.0000000004656613"
"faulty_programs.POWERSET.faulty_programs.POWERSET.powerset(ArrayList)","| gin.edit.statement.CopyStatement quixbugs/faulty_programs/POWERSET.java:132 -> quixbugs/faulty_programs/POWERSET.java:120:120 |","false","false","0.0","0.0","-1.0000000004656613"
"faulty_programs.POWERSET.faulty_programs.POWERSET.powerset(ArrayList)","| gin.edit.modifynode.ReplaceExpression quixbugs/faulty_programs/POWERSET.java:95 -> quixbugs/faulty_programs/POWERSET.java:141 |","false","false","0.0","0.0","-1.0000000004656613"
"faulty_programs.POWERSET.faulty_programs.POWERSET.powerset(ArrayList)","| gin.edit.statement.DeleteStatement quixbugs/faulty_programs/POWERSET.java:77 |","false","false","0.0","0.0","-1.0000000004656613"
"faulty_programs.POWERSET.faulty_programs.POWERSET.powerset(ArrayList)","| gin.edit.modifynode.UnaryOperatorReplacement  quixbugs/faulty_programs/POWERSET.java:20 LOGICAL_COMPLEMENT -> BITWISE_COMPLEMENT |","false","false","0.0","0.0","-1.0000000004656613"
"faulty_programs.POWERSET.faulty_programs.POWERSET.powerset(ArrayList)","| gin.edit.modifynode.SwapExpression quixbugs/faulty_programs/POWERSET.java:95 <-> quixbugs/faulty_programs/POWERSET.java:104 |","true","false","0.0","4.6566128730773926E-10","-1.0"
"faulty_programs.POWERSET.faulty_programs.POWERSET.powerset(ArrayList)","| gin.edit.statement.CopyStatement quixbugs/faulty_programs/POWERSET.java:110 -> quixbugs/faulty_programs/POWERSET.java:25:110 | gin.edit.modifynode.UnaryOperatorReplacement  quixbugs/faulty_programs/POWERSET.java:20 LOGICAL_COMPLEMENT -> PLUS |","false","false","0.0","0.0","-1.0000000004656613"
"faulty_programs.POWERSET.faulty_programs.POWERSET.powerset(ArrayList)","| gin.edit.statement.DeleteStatement quixbugs/faulty_programs/POWERSET.java:63 |","false","false","0.0","0.0","-1.0000000004656613"
"faulty_programs.POWERSET.faulty_programs.POWERSET.powerset(ArrayList)","| gin.edit.statement.CopyStatement quixbugs/faulty_programs/POWERSET.java:110 -> quixbugs/faulty_programs/POWERSET.java:25:110 | gin.edit.modifynode.ReplaceExpression quixbugs/faulty_programs/POWERSET.java:64 -> quixbugs/faulty_programs/POWERSET.java:118 |","false","false","0.0","0.0","-1.0000000004656613"
"faulty_programs.POWERSET.faulty_programs.POWERSET.powerset(ArrayList)","| gin.edit.modifynode.UnaryOperatorReplacement  quixbugs/faulty_programs/POWERSET.java:20 LOGICAL_COMPLEMENT -> PLUS |","false","false","0.0","0.0","-1.0000000004656613"
"faulty_programs.POWERSET.faulty_programs.POWERSET.powerset(ArrayList)","| gin.edit.statement.DeleteStatement quixbugs/faulty_programs/POWERSET.java:26 |","false","false","0.0","0.0","-1.0000000004656613"
"faulty_programs.POWERSET.faulty_programs.POWERSET.powerset(ArrayList)","| gin.edit.statement.ReplaceStatement quixbugs/faulty_programs/POWERSET.java:117 -> quixbugs/faulty_programs/POWERSET.java:94 |","false","false","0.0","0.0","-1.0000000004656613"
"faulty_programs.POWERSET.faulty_programs.POWERSET.powerset(ArrayList)","| gin.edit.statement.CopyStatement quixbugs/faulty_programs/POWERSET.java:110 -> quixbugs/faulty_programs/POWERSET.java:18:18 |","false","false","0.0","0.0","-1.0000000004656613"
"faulty_programs.POWERSET.faulty_programs.POWERSET.powerset(ArrayList)","| gin.edit.modifynode.SwapExpression quixbugs/faulty_programs/POWERSET.java:21 <-> quixbugs/faulty_programs/POWERSET.java:20 |","true","false","1.905367","4.6566128730773926E-10","-1.0"
"faulty_programs.POWERSET.faulty_programs.POWERSET.powerset(ArrayList)","| gin.edit.statement.SwapStatement quixbugs/faulty_programs/POWERSET.java:94 <-> quixbugs/faulty_programs/POWERSET.java:87 |","true","false","1.924806","1.0000000004656613","0.0"
"faulty_programs.POWERSET.faulty_programs.POWERSET.powerset(ArrayList)","| gin.edit.modifynode.UnaryOperatorReplacement  quixbugs/faulty_programs/POWERSET.java:20 LOGICAL_COMPLEMENT -> MINUS |","false","false","0.0","0.0","-1.0000000004656613"
"faulty_programs.POWERSET.faulty_programs.POWERSET.powerset(ArrayList)","| gin.edit.modifynode.ReplaceExpression quixbugs/faulty_programs/POWERSET.java:86 -> quixbugs/faulty_programs/POWERSET.java:42 |","true","false","2.58109","1.0000000004656613","0.0"
"faulty_programs.POWERSET.faulty_programs.POWERSET.powerset(ArrayList)","| gin.edit.modifynode.SwapExpression quixbugs/faulty_programs/POWERSET.java:36 <-> quixbugs/faulty_programs/POWERSET.java:49 |","false","false","0.0","0.0","-1.0000000004656613"
"faulty_programs.POWERSET.faulty_programs.POWERSET.powerset(ArrayList)","| gin.edit.statement.CopyStatement quixbugs/faulty_programs/POWERSET.java:37 -> quixbugs/faulty_programs/POWERSET.java:25:25 | gin.edit.modifynode.SwapExpression quixbugs/faulty_programs/POWERSET.java:52 <-> quixbugs/faulty_programs/POWERSET.java:111 |","false","false","0.0","0.0","-1.0000000004656613"
"faulty_programs.POWERSET.faulty_programs.POWERSET.powerset(ArrayList)","| gin.edit.modifynode.UnaryOperatorReplacement  quixbugs/faulty_programs/POWERSET.java:20 LOGICAL_COMPLEMENT -> MINUS |","false","false","0.0","0.0","-1.0000000004656613"
"faulty_programs.POWERSET.faulty_programs.POWERSET.powerset(ArrayList)","| gin.edit.statement.CopyStatement quixbugs/faulty_programs/POWERSET.java:37 -> quixbugs/faulty_programs/POWERSET.java:25:25 | gin.edit.statement.CopyStatement quixbugs/faulty_programs/POWERSET.java:94 -> quixbugs/faulty_programs/POWERSET.java:18:18 |","false","false","0.0","0.0","-1.0000000004656613"
"faulty_programs.POWERSET.faulty_programs.POWERSET.powerset(ArrayList)","| gin.edit.statement.ReplaceStatement quixbugs/faulty_programs/POWERSET.java:18 -> quixbugs/faulty_programs/POWERSET.java:19 |","true","false","3.043972","1.0000000004656613","0.0"
"faulty_programs.POWERSET.faulty_programs.POWERSET.powerset(ArrayList)","| gin.edit.statement.DeleteStatement quixbugs/faulty_programs/POWERSET.java:110 |","true","false","1.90173","1.0000000004656613","0.0"
"faulty_programs.POWERSET.faulty_programs.POWERSET.powerset(ArrayList)","| gin.edit.statement.DeleteStatement quixbugs/faulty_programs/POWERSET.java:51 |","false","false","0.0","0.0","-1.0000000004656613"
"faulty_programs.POWERSET.faulty_programs.POWERSET.powerset(ArrayList)","| gin.edit.statement.CopyStatement quixbugs/faulty_programs/POWERSET.java:18 -> quixbugs/faulty_programs/POWERSET.java:102:102 |","false","false","0.0","0.0","-1.0000000004656613"
"faulty_programs.POWERSET.faulty_programs.POWERSET.powerset(ArrayList)","| gin.edit.modifynode.ReplaceExpression quixbugs/faulty_programs/POWERSET.java:32 -> quixbugs/faulty_programs/POWERSET.java:112 |","false","false","0.0","0.0","-1.0000000004656613"
"faulty_programs.POWERSET.faulty_programs.POWERSET.powerset(ArrayList)","| gin.edit.modifynode.ReplaceExpression quixbugs/faulty_programs/POWERSET.java:100 -> quixbugs/faulty_programs/POWERSET.java:78 |","false","false","0.0","0.0","-1.0000000004656613"
"faulty_programs.POWERSET.faulty_programs.POWERSET.powerset(ArrayList)","| gin.edit.statement.DeleteStatement quixbugs/faulty_programs/POWERSET.java:43 |","false","false","0.0","0.0","-1.0000000004656613"
"faulty_programs.POWERSET.faulty_programs.POWERSET.powerset(ArrayList)","| gin.edit.modifynode.UnaryOperatorReplacement  quixbugs/faulty_programs/POWERSET.java:20 LOGICAL_COMPLEMENT -> PLUS |","false","false","0.0","0.0","-1.0000000004656613"
"faulty_programs.POWERSET.faulty_programs.POWERSET.powerset(ArrayList)","| gin.edit.statement.CopyStatement quixbugs/faulty_programs/POWERSET.java:87 -> quixbugs/faulty_programs/POWERSET.java:18:19 |","false","false","0.0","0.0","-1.0000000004656613"
"faulty_programs.POWERSET.faulty_programs.POWERSET.powerset(ArrayList)","| gin.edit.statement.DeleteStatement quixbugs/faulty_programs/POWERSET.java:87 | gin.edit.modifynode.SwapExpression quixbugs/faulty_programs/POWERSET.java:52 <-> quixbugs/faulty_programs/POWERSET.java:64 |","true","false","2.119318","1.0000000004656613","0.0"
"faulty_programs.POWERSET.faulty_programs.POWERSET.powerset(ArrayList)","| gin.edit.modifynode.SwapExpression quixbugs/faulty_programs/POWERSET.java:76 <-> quixbugs/faulty_programs/POWERSET.java:21 |","false","false","0.0","0.0","-1.0000000004656613"
"faulty_programs.POWERSET.faulty_programs.POWERSET.powerset(ArrayList)","| gin.edit.statement.DeleteStatement quixbugs/faulty_programs/POWERSET.java:87 | gin.edit.statement.SwapStatement quixbugs/faulty_programs/POWERSET.java:37 <-> quixbugs/faulty_programs/POWERSET.java:25 |","false","false","0.0","0.0","-1.0000000004656613"
"faulty_programs.POWERSET.faulty_programs.POWERSET.powerset(ArrayList)","| gin.edit.statement.DeleteStatement quixbugs/faulty_programs/POWERSET.java:87 | gin.edit.statement.DeleteStatement quixbugs/faulty_programs/POWERSET.java:102 |","true","false","0.0","4.6566128730773926E-10","-1.0"
"faulty_programs.POWERSET.faulty_programs.POWERSET.powerset(ArrayList)","| gin.edit.statement.ReplaceStatement quixbugs/faulty_programs/POWERSET.java:18 -> quixbugs/faulty_programs/POWERSET.java:43 |","false","false","0.0","0.0","-1.0000000004656613"
"faulty_programs.POWERSET.faulty_programs.POWERSET.powerset(ArrayList)","| gin.edit.modifynode.UnaryOperatorReplacement  quixbugs/faulty_programs/POWERSET.java:20 LOGICAL_COMPLEMENT -> PLUS |","false","false","0.0","0.0","-1.0000000004656613"
"faulty_programs.POWERSET.faulty_programs.POWERSET.powerset(ArrayList)","| gin.edit.statement.DeleteStatement quixbugs/faulty_programs/POWERSET.java:132 |","true","false","2.003462","4.6566128730773926E-10","-1.0"
"faulty_programs.POWERSET.faulty_programs.POWERSET.powerset(ArrayList)","| gin.edit.statement.SwapStatement quixbugs/faulty_programs/POWERSET.java:103 <-> quixbugs/faulty_programs/POWERSET.java:87 |","false","false","0.0","0.0","-1.0000000004656613"
"faulty_programs.POWERSET.faulty_programs.POWERSET.powerset(ArrayList)","| gin.edit.statement.DeleteStatement quixbugs/faulty_programs/POWERSET.java:43 |","false","false","0.0","0.0","-1.0000000004656613"
"faulty_programs.POWERSET.faulty_programs.POWERSET.powerset(ArrayList)","| gin.edit.statement.ReplaceStatement quixbugs/faulty_programs/POWERSET.java:63 -> quixbugs/faulty_programs/POWERSET.java:132 |","true","false","2.347895","4.6566128730773926E-10","-1.0"
"faulty_programs.POWERSET.faulty_programs.POWERSET.powerset(ArrayList)","| gin.edit.modifynode.ReplaceExpression quixbugs/faulty_programs/POWERSET.java:111 -> quixbugs/faulty_programs/POWERSET.java:22 |","false","false","0.0","0.0","-1.0000000004656613"
"faulty_programs.POWERSET.faulty_programs.POWERSET.powerset(ArrayList)","| gin.edit.statement.ReplaceStatement quixbugs/faulty_programs/POWERSET.java:121 -> quixbugs/faulty_programs/POWERSET.java:140 |","false","false","0.0","0.0","-1.0000000004656613"
"faulty_programs.POWERSET.faulty_programs.POWERSET.powerset(ArrayList)","| gin.edit.statement.DeleteStatement quixbugs/faulty_programs/POWERSET.java:117 |","false","false","0.0","0.0","-1.0000000004656613"
"faulty_programs.POWERSET.faulty_programs.POWERSET.powerset(ArrayList)","| gin.edit.modifynode.ReplaceExpression quixbugs/faulty_programs/POWERSET.java:36 -> quixbugs/faulty_programs/POWERSET.java:92 |","true","false","2.005548","1.0000000004656613","0.0"
"faulty_programs.POWERSET.faulty_programs.POWERSET.powerset(ArrayList)","| gin.edit.modifynode.SwapExpression quixbugs/faulty_programs/POWERSET.java:89 <-> quixbugs/faulty_programs/POWERSET.java:141 |","false","false","0.0","0.0","-1.0000000004656613"
"faulty_programs.POWERSET.faulty_programs.POWERSET.powerset(ArrayList)","| gin.edit.statement.DeleteStatement quixbugs/faulty_programs/POWERSET.java:37 |","true","false","13.513396","1.0000000004656613","0.0"
"faulty_programs.POWERSET.faulty_programs.POWERSET.powerset(ArrayList)","| gin.edit.modifynode.ReplaceExpression quixbugs/faulty_programs/POWERSET.java:20 -> quixbugs/faulty_programs/POWERSET.java:42 |","true","false","9.893037","1.0000000004656613","0.0"
"faulty_programs.POWERSET.faulty_programs.POWERSET.powerset(ArrayList)","| gin.edit.modifynode.ReplaceExpression quixbugs/faulty_programs/POWERSET.java:86 -> quixbugs/faulty_programs/POWERSET.java:42 | gin.edit.statement.SwapStatement quixbugs/faulty_programs/POWERSET.java:19 <-> quixbugs/faulty_programs/POWERSET.java:51 |","false","false","0.0","0.0","-1.0000000004656613"
"faulty_programs.POWERSET.faulty_programs.POWERSET.powerset(ArrayList)","| gin.edit.statement.CopyStatement quixbugs/faulty_programs/POWERSET.java:120 -> quixbugs/faulty_programs/POWERSET.java:120:120 |","false","false","0.0","0.0","-1.0000000004656613"
"faulty_programs.POWERSET.faulty_programs.POWERSET.powerset(ArrayList)","| gin.edit.modifynode.ReplaceExpression quixbugs/faulty_programs/POWERSET.java:86 -> quixbugs/faulty_programs/POWERSET.java:42 | gin.edit.modifynode.ReplaceExpression quixbugs/faulty_programs/POWERSET.java:59 -> quixbugs/faulty_programs/POWERSET.java:95 |","true","false","0.0","4.6566128730773926E-10","-1.0"
"faulty_programs.POWERSET.faulty_programs.POWERSET.powerset(ArrayList)","| gin.edit.statement.ReplaceStatement quixbugs/faulty_programs/POWERSET.java:18 -> quixbugs/faulty_programs/POWERSET.java:19 | gin.edit.statement.SwapStatement quixbugs/faulty_programs/POWERSET.java:132 <-> quixbugs/faulty_programs/POWERSET.java:77 |","true","false","1.857642","1.0000000004656613","0.0"
"faulty_programs.POWERSET.faulty_programs.POWERSET.powerset(ArrayList)","| gin.edit.modifynode.ReplaceExpression quixbugs/faulty_programs/POWERSET.java:22 -> quixbugs/faulty_programs/POWERSET.java:52 |","false","false","0.0","0.0","-1.0000000004656613"
"faulty_programs.POWERSET.faulty_programs.POWERSET.powerset(ArrayList)","| gin.edit.statement.ReplaceStatement quixbugs/faulty_programs/POWERSET.java:18 -> quixbugs/faulty_programs/POWERSET.java:19 | gin.edit.statement.ReplaceStatement quixbugs/faulty_programs/POWERSET.java:140 -> quixbugs/faulty_programs/POWERSET.java:117 |","true","false","1.834064","1.0000000004656613","0.0"
"faulty_programs.POWERSET.faulty_programs.POWERSET.powerset(ArrayList)","|","true","false","2.012477","1.0000000004656613","0.0"
"faulty_programs.POWERSET.faulty_programs.POWERSET.powerset(ArrayList)","|","true","false","1.914451","1.0000000004656613","0.0"
"faulty_programs.POWERSET.faulty_programs.POWERSET.powerset(ArrayList)","| gin.edit.statement.DeleteStatement quixbugs/faulty_programs/POWERSET.java:87 | gin.edit.modifynode.ReplaceExpression quixbugs/faulty_programs/POWERSET.java:32 -> quixbugs/faulty_programs/POWERSET.java:122 |","false","false","0.0","0.0","-1.0000000004656613"
"faulty_programs.POWERSET.faulty_programs.POWERSET.powerset(ArrayList)","| gin.edit.statement.SwapStatement quixbugs/faulty_programs/POWERSET.java:117 <-> quixbugs/faulty_programs/POWERSET.java:117 |","true","false","1.947326","1.0000000004656613","0.0"
"faulty_programs.POWERSET.faulty_programs.POWERSET.powerset(ArrayList)","| gin.edit.modifynode.SwapExpression quixbugs/faulty_programs/POWERSET.java:89 <-> quixbugs/faulty_programs/POWERSET.java:22 |","false","false","0.0","0.0","-1.0000000004656613"
"faulty_programs.POWERSET.faulty_programs.POWERSET.powerset(ArrayList)","| gin.edit.modifynode.SwapExpression quixbugs/faulty_programs/POWERSET.java:92 <-> quixbugs/faulty_programs/POWERSET.java:92 |","true","false","1.976778","1.0000000004656613","0.0"
"faulty_programs.POWERSET.faulty_programs.POWERSET.powerset(ArrayList)","| gin.edit.statement.SwapStatement quixbugs/faulty_programs/POWERSET.java:43 <-> quixbugs/faulty_programs/POWERSET.java:25 |","false","false","0.0","0.0","-1.0000000004656613"
"faulty_programs.POWERSET.faulty_programs.POWERSET.powerset(ArrayList)","| gin.edit.statement.DeleteStatement quixbugs/faulty_programs/POWERSET.java:63 |","false","false","0.0","0.0","-1.0000000004656613"
"faulty_programs.POWERSET.faulty_programs.POWERSET.powerset(ArrayList)","| gin.edit.statement.ReplaceStatement quixbugs/faulty_programs/POWERSET.java:26 -> quixbugs/faulty_programs/POWERSET.java:43 |","false","false","0.0","0.0","-1.0000000004656613"
"faulty_programs.POWERSET.faulty_programs.POWERSET.powerset(ArrayList)","| gin.edit.statement.SwapStatement quixbugs/faulty_programs/POWERSET.java:19 <-> quixbugs/faulty_programs/POWERSET.java:140 |","false","false","0.0","0.0","-1.0000000004656613"
"faulty_programs.POWERSET.faulty_programs.POWERSET.powerset(ArrayList)","| gin.edit.statement.CopyStatement quixbugs/faulty_programs/POWERSET.java:63 -> quixbugs/faulty_programs/POWERSET.java:120:121 |","true","false","1.950289","1.0000000004656613","0.0"
"faulty_programs.POWERSET.faulty_programs.POWERSET.powerset(ArrayList)","| gin.edit.statement.SwapStatement quixbugs/faulty_programs/POWERSET.java:132 <-> quixbugs/faulty_programs/POWERSET.java:37 |","false","false","0.0","0.0","-1.0000000004656613"
"faulty_programs.POWERSET.faulty_programs.POWERSET.powerset(ArrayList)","|","true","false","2.540228","1.0000000004656613","0.0"
"faulty_programs.POWERSET.faulty_programs.POWERSET.powerset(ArrayList)","| gin.edit.statement.ReplaceStatement quixbugs/faulty_programs/POWERSET.java:77 -> quixbugs/faulty_programs/POWERSET.java:94 |","false","false","0.0","0.0","-1.0000000004656613"
"faulty_programs.POWERSET.faulty_programs.POWERSET.powerset(ArrayList)","|","true","false","2.447337","1.0000000004656613","0.0"
"faulty_programs.POWERSET.faulty_programs.POWERSET.powerset(ArrayList)","| gin.edit.statement.DeleteStatement quixbugs/faulty_programs/POWERSET.java:140 |","false","false","0.0","0.0","-1.0000000004656613"
"faulty_programs.POWERSET.faulty_programs.POWERSET.powerset(ArrayList)","|","true","false","2.137914","1.0000000004656613","0.0"
"faulty_programs.POWERSET.faulty_programs.POWERSET.powerset(ArrayList)","| gin.edit.statement.ReplaceStatement quixbugs/faulty_programs/POWERSET.java:117 -> quixbugs/faulty_programs/POWERSET.java:121 |","false","false","0.0","0.0","-1.0000000004656613"
"faulty_programs.POWERSET.faulty_programs.POWERSET.powerset(ArrayList)","| gin.edit.modifynode.SwapExpression quixbugs/faulty_programs/POWERSET.java:83 <-> quixbugs/faulty_programs/POWERSET.java:61 |","true","false","1.929017","1.0000000004656613","0.0"
"faulty_programs.POWERSET.faulty_programs.POWERSET.powerset(ArrayList)","| gin.edit.statement.DeleteStatement quixbugs/faulty_programs/POWERSET.java:25 |","true","false","0.0","4.6566128730773926E-10","-1.0"
"faulty_programs.POWERSET.faulty_programs.POWERSET.powerset(ArrayList)","| gin.edit.modifynode.SwapExpression quixbugs/faulty_programs/POWERSET.java:118 <-> quixbugs/faulty_programs/POWERSET.java:44 |","false","false","0.0","0.0","-1.0000000004656613"
"faulty_programs.POWERSET.faulty_programs.POWERSET.powerset(ArrayList)","| gin.edit.modifynode.ReplaceExpression quixbugs/faulty_programs/POWERSET.java:36 -> quixbugs/faulty_programs/POWERSET.java:92 | gin.edit.statement.ReplaceStatement quixbugs/faulty_programs/POWERSET.java:77 -> quixbugs/faulty_programs/POWERSET.java:43 |","false","false","0.0","0.0","-1.0000000004656613"
"faulty_programs.POWERSET.faulty_programs.POWERSET.powerset(ArrayList)","| gin.edit.statement.ReplaceStatement quixbugs/faulty_programs/POWERSET.java:19 -> quixbugs/faulty_programs/POWERSET.java:19 |","true","false","2.004035","1.0000000004656613","0.0"
"faulty_programs.POWERSET.faulty_programs.POWERSET.powerset(ArrayList)","| gin.edit.statement.SwapStatement quixbugs/faulty_programs/POWERSET.java:25 <-> quixbugs/faulty_programs/POWERSET.java:103 |","false","false","0.0","0.0","-1.0000000004656613"
"faulty_programs.POWERSET.faulty_programs.POWERSET.powerset(ArrayList)","| gin.edit.modifynode.ReplaceExpression quixbugs/faulty_programs/POWERSET.java:36 -> quixbugs/faulty_programs/POWERSET.java:92 | gin.edit.statement.CopyStatement quixbugs/faulty_programs/POWERSET.java:18 -> quixbugs/faulty_programs/POWERSET.java:120:140 |","false","false","0.0","0.0","-1.0000000004656613"
"faulty_programs.POWERSET.faulty_programs.POWERSET.powerset(ArrayList)","| gin.edit.statement.ReplaceStatement quixbugs/faulty_programs/POWERSET.java:121 -> quixbugs/faulty_programs/POWERSET.java:121 |","true","false","2.671612","1.0000000004656613","0.0"
"faulty_programs.POWERSET.faulty_programs.POWERSET.powerset(ArrayList)","| gin.edit.modifynode.ReplaceExpression quixbugs/faulty_programs/POWERSET.java:32 -> quixbugs/faulty_programs/POWERSET.java:59 |","false","false","0.0","0.0","-1.0000000004656613"
"faulty_programs.POWERSET.faulty_programs.POWERSET.powerset(ArrayList)","| gin.edit.modifynode.ReplaceExpression quixbugs/faulty_programs/POWERSET.java:33 -> quixbugs/faulty_programs/POWERSET.java:61 |","true","false","3.009182","1.0000000004656613","0.0"
"faulty_programs.POWERSET.faulty_programs.POWERSET.powerset(ArrayList)","| gin.edit.modifynode.ReplaceExpression quixbugs/faulty_programs/POWERSET.java:49 -> quixbugs/faulty_programs/POWERSET.java:49 |","true","false","2.674672","1.0000000004656613","0.0"
"faulty_programs.POWERSET.faulty_programs.POWERSET.powerset(ArrayList)","| gin.edit.modifynode.ReplaceExpression quixbugs/faulty_programs/POWERSET.java:111 -> quixbugs/faulty_programs/POWERSET.java:83 |","false","false","0.0","0.0","-1.0000000004656613"
"faulty_programs.POWERSET.faulty_programs.POWERSET.powerset(ArrayList)","| gin.edit.statement.ReplaceStatement quixbugs/faulty_programs/POWERSET.java:18 -> quixbugs/faulty_programs/POWERSET.java:19 | gin.edit.statement.ReplaceStatement quixbugs/faulty_programs/POWERSET.java:140 -> quixbugs/faulty_programs/POWERSET.java:117 | gin.edit.statement.CopyStatement quixbugs/faulty_programs/POWERSET.java:102 -> quixbugs/faulty_programs/POWERSET.java:18:18 |","true","false","1.964524","1.0000000004656613","0.0"
"faulty_programs.POWERSET.faulty_programs.POWERSET.powerset(ArrayList)","| gin.edit.statement.ReplaceStatement quixbugs/faulty_programs/POWERSET.java:140 -> quixbugs/faulty_programs/POWERSET.java:117 | gin.edit.modifynode.UnaryOperatorReplacement  quixbugs/faulty_programs/POWERSET.java:20 LOGICAL_COMPLEMENT -> PLUS |","false","false","0.0","0.0","-1.0000000004656613"
"faulty_programs.POWERSET.faulty_programs.POWERSET.powerset(ArrayList)","| gin.edit.statement.ReplaceStatement quixbugs/faulty_programs/POWERSET.java:18 -> quixbugs/faulty_programs/POWERSET.java:19 | gin.edit.statement.ReplaceStatement quixbugs/faulty_programs/POWERSET.java:140 -> quixbugs/faulty_programs/POWERSET.java:117 | gin.edit.statement.ReplaceStatement quixbugs/faulty_programs/POWERSET.java:110 -> quixbugs/faulty_programs/POWERSET.java:87 |","true","false","1.824469","1.0000000004656613","0.0"
"faulty_programs.POWERSET.faulty_programs.POWERSET.powerset(ArrayList)","| gin.edit.statement.SwapStatement quixbugs/faulty_programs/POWERSET.java:77 <-> quixbugs/faulty_programs/POWERSET.java:63 |","true","false","2.222868","1.0000000004656613","0.0"
"faulty_programs.POWERSET.faulty_programs.POWERSET.powerset(ArrayList)","| gin.edit.statement.CopyStatement quixbugs/faulty_programs/POWERSET.java:63 -> quixbugs/faulty_programs/POWERSET.java:120:121 | gin.edit.modifynode.UnaryOperatorReplacement  quixbugs/faulty_programs/POWERSET.java:20 LOGICAL_COMPLEMENT -> MINUS |","false","false","0.0","0.0","-1.0000000004656613"
"faulty_programs.POWERSET.faulty_programs.POWERSET.powerset(ArrayList)","| gin.edit.statement.SwapStatement quixbugs/faulty_programs/POWERSET.java:37 <-> quixbugs/faulty_programs/POWERSET.java:110 |","false","false","0.0","0.0","-1.0000000004656613"
"faulty_programs.POWERSET.faulty_programs.POWERSET.powerset(ArrayList)","| gin.edit.statement.DeleteStatement quixbugs/faulty_programs/POWERSET.java:94 |","true","false","2.500714","1.0000000004656613","0.0"
"faulty_programs.POWERSET.faulty_programs.POWERSET.powerset(ArrayList)","| gin.edit.statement.DeleteStatement quixbugs/faulty_programs/POWERSET.java:87 | gin.edit.modifynode.SwapExpression quixbugs/faulty_programs/POWERSET.java:52 <-> quixbugs/faulty_programs/POWERSET.java:64 | gin.edit.statement.ReplaceStatement quixbugs/faulty_programs/POWERSET.java:26 -> quixbugs/faulty_programs/POWERSET.java:43 |","false","false","0.0","0.0","-1.0000000004656613"
"faulty_programs.POWERSET.faulty_programs.POWERSET.powerset(ArrayList)","| gin.edit.statement.ReplaceStatement quixbugs/faulty_programs/POWERSET.java:25 -> quixbugs/faulty_programs/POWERSET.java:77 |","false","false","0.0","0.0","-1.0000000004656613"
"faulty_programs.POWERSET.faulty_programs.POWERSET.powerset(ArrayList)","| gin.edit.modifynode.SwapExpression quixbugs/faulty_programs/POWERSET.java:52 <-> quixbugs/faulty_programs/POWERSET.java:64 | gin.edit.statement.SwapStatement quixbugs/faulty_programs/POWERSET.java:37 <-> quixbugs/faulty_programs/POWERSET.java:19 |","false","false","0.0","0.0","-1.0000000004656613"
"faulty_programs.POWERSET.faulty_programs.POWERSET.powerset(ArrayList)","| gin.edit.statement.DeleteStatement quixbugs/faulty_programs/POWERSET.java:87 | gin.edit.modifynode.SwapExpression quixbugs/faulty_programs/POWERSET.java:52 <-> quixbugs/faulty_programs/POWERSET.java:64 | gin.edit.statement.DeleteStatement quixbugs/faulty_programs/POWERSET.java:103 |","true","false","1.761218","1.0000000004656613","0.0"
"faulty_programs.POWERSET.faulty_programs.POWERSET.powerset(ArrayList)","| gin.edit.statement.ReplaceStatement quixbugs/faulty_programs/POWERSET.java:140 -> quixbugs/faulty_programs/POWERSET.java:121 |","false","false","0.0","0.0","-1.0000000004656613"
"faulty_programs.POWERSET.faulty_programs.POWERSET.powerset(ArrayList)","| gin.edit.modifynode.SwapExpression quixbugs/faulty_programs/POWERSET.java:39 <-> quixbugs/faulty_programs/POWERSET.java:21 |","false","false","0.0","0.0","-1.0000000004656613"
"faulty_programs.POWERSET.faulty_programs.POWERSET.powerset(ArrayList)","|","true","false","2.313481","1.0000000004656613","0.0"
"faulty_programs.POWERSET.faulty_programs.POWERSET.powerset(ArrayList)","| gin.edit.statement.ReplaceStatement quixbugs/faulty_programs/POWERSET.java:120 -> quixbugs/faulty_programs/POWERSET.java:43 |","false","false","0.0","0.0","-1.0000000004656613"
"faulty_programs.POWERSET.faulty_programs.POWERSET.powerset(ArrayList)","| gin.edit.statement.DeleteStatement quixbugs/faulty_programs/POWERSET.java:87 |","true","false","2.386913","1.0000000004656613","0.0"
"faulty_programs.POWERSET.faulty_programs.POWERSET.powerset(ArrayList)","| gin.edit.statement.ReplaceStatement quixbugs/faulty_programs/POWERSET.java:77 -> quixbugs/faulty_programs/POWERSET.java:51 |","false","false","0.0","0.0","-1.0000000004656613"
"faulty_programs.POWERSET.faulty_programs.POWERSET.powerset(ArrayList)","| gin.edit.modifynode.ReplaceExpression quixbugs/faulty_programs/POWERSET.java:61 -> quixbugs/faulty_programs/POWERSET.java:76 |","true","false","2.618051","1.0000000004656613","0.0"
"faulty_programs.POWERSET.faulty_programs.POWERSET.powerset(ArrayList)","| gin.edit.modifynode.ReplaceExpression quixbugs/faulty_programs/POWERSET.java:20 -> quixbugs/faulty_programs/POWERSET.java:22 |","false","false","0.0","0.0","-1.0000000004656613"
"faulty_programs.POWERSET.faulty_programs.POWERSET.powerset(ArrayList)","| gin.edit.modifynode.SwapExpression quixbugs/faulty_programs/POWERSET.java:134 <-> quixbugs/faulty_programs/POWERSET.java:52 |","false","false","0.0","0.0","-1.0000000004656613"
"faulty_programs.POWERSET.faulty_programs.POWERSET.powerset(ArrayList)","| gin.edit.statement.CopyStatement quixbugs/faulty_programs/POWERSET.java:132 -> quixbugs/faulty_programs/POWERSET.java:102:102 |","false","false","0.0","0.0","-1.0000000004656613"
"faulty_programs.POWERSET.faulty_programs.POWERSET.powerset(ArrayList)","| gin.edit.modifynode.SwapExpression quixbugs/faulty_programs/POWERSET.java:108 <-> quixbugs/faulty_programs/POWERSET.java:49 |","false","false","0.0","0.0","-1.0000000004656613"
"faulty_programs.POWERSET.faulty_programs.POWERSET.powerset(ArrayList)","| gin.edit.modifynode.ReplaceExpression quixbugs/faulty_programs/POWERSET.java:64 -> quixbugs/faulty_programs/POWERSET.java:76 |","false","false","0.0","0.0","-1.0000000004656613"
